19.7456647398843934,18.6151252408477852,18.2360308285163768,18.8680154142581884,18.4253371868978810,17.5751445086705189,12.2239884393063587,12.2678227360308281,16.5467244701348761,14.3106936416184976,14.8973988439306364,15.4845857418111752,15.3376685934489405,16.8174373795761092,20.3872832369942181,18.4243737957610776,18.4214836223506744,17.4975915221579967,17.1599229287090544,17.9470134874759140,17.1878612716763008,17.6353564547206183,20.8203275529865124,16.5640655105973025,17.1719653179190743,19.3280346820809257,16.4633911368015404,13.2047206165703273,19.3930635838150280,18.5091522157996131,17.3439306358381486,16.6782273603082842,16.8762042389210016,16.3232177263969156,16.6507707129094413,17.6103082851637751,20.9388246628131007,17.4527938342967239,17.5293834296724462,17.9301541425818876,17.5351637764932562,19.6902697495183041,16.3265895953757223,16.1083815028901718,17.2143545279383439,16.2976878612716760,16.6189788053949918,19.7461464354527934,17.8222543352601157,17.2707129094412331,13.8121387283236992,13.4296724470134876,14.6801541425818876,16.6965317919075140,16.4051059730250479,15.7451830443159917,16.7784200385356463,16.3530828516377653,17.5606936416184958,19.3487475915221587,20.0443159922928693,18.9667630057803471,18.0399807321772627,17.2952793834296727,5216.4627233005376183,211302719.0000000000000000
14.1333333333333329,14.0166666666666675,15.1166666666666671,15.2333333333333325,13.4833333333333325,13.5666666666666664,20.6833333333333336,22.7833333333333350,22.8999999999999986,14.4166666666666661,13.8833333333333329,14.0166666666666675,12.6500000000000004,12.4166666666666661,16.8666666666666671,13.8499999999999996,13.0500000000000007,16.6499999999999986,16.1666666666666679,14.3000000000000007,21.4666666666666650,22.2500000000000000,15.9000000000000004,15.6500000000000004,17.9499999999999993,13.5999999999999996,9.0333333333333332,8.7833333333333332,96.7333333333333343,24.4333333333333336,17.8000000000000007,19.2166666666666650,19.1333333333333329,14.0666666666666664,18.2500000000000000,18.3666666666666671,15.6333333333333329,16.6833333333333336,22.7333333333333343,12.6333333333333329,12.4000000000000004,12.5833333333333339,11.3333333333333339,11.4000000000000004,20.1999999999999993,12.8833333333333329,12.2166666666666668,15.6666666666666661,15.2333333333333325,17.4666666666666650,15.0666666666666664,15.0000000000000000,19.4499999999999993,21.8000000000000007,19.5000000000000000,16.2500000000000000,15.8833333333333329,15.9499999999999993,16.6499999999999986,19.8000000000000007,19.6666666666666679,14.2333333333333325,12.0666666666666664,18.4833333333333343,5216.4627233005376183,31432957.0739188455045223
19.1860465116279073,16.1627906976744171,22.1395348837209305,8.3255813953488378,9.0930232558139537,21.5116279069767451,11.7906976744186043,15.5348837209302317,14.5581395348837201,13.1395348837209305,18.4651162790697683,17.8372093023255829,20.4651162790697683,23.0930232558139537,21.3488372093023244,15.6279069767441854,9.7209302325581390,11.0930232558139537,11.0930232558139537,25.7209302325581390,20.4186046511627914,19.9534883720930232,14.3255813953488378,12.8372093023255811,10.1860465116279073,14.7441860465116275,17.2558139534883708,35.3255813953488342,18.5581395348837219,18.9302325581395365,17.1860465116279073,25.1860465116279073,21.9767441860465134,19.7674418604651159,19.0697674418604635,19.0232558139534866,21.9534883720930232,11.6511627906976738,8.1395348837209305,29.3953488372093013,21.9534883720930232,15.2325581395348841,18.8372093023255829,17.9069767441860463,9.0232558139534884,16.0232558139534866,16.7674418604651159,8.0465116279069768,11.0697674418604652,13.3720930232558146,19.0697674418604635,126.9534883720930196,88.8372093023255758,22.2558139534883708,21.9302325581395365,29.2325581395348841,16.1627906976744171,16.2325581395348841,24.5813953488372086,18.6511627906976756,20.1860465116279073,20.7906976744186061,14.8604651162790695,13.7906976744186043,5216.4627233005376183,30473686.5718535929918289
15.0000000000000000,15.0000000000000000,14.0000000000000000,33.0000000000000000,33.0000000000000000,9.0000000000000000,11.0000000000000000,11.0000000000000000,18.0000000000000000,19.0000000000000000,20.0000000000000000,19.0000000000000000,19.0000000000000000,22.0000000000000000,19.0000000000000000,19.0000000000000000,18.0000000000000000,14.0000000000000000,14.0000000000000000,19.0000000000000000,12.0000000000000000,12.0000000000000000,16.0000000000000000,15.0000000000000000,119.0000000000000000,25.0000000000000000,10.0000000000000000,10.0000000000000000,10.0000000000000000,10.0000000000000000,6.0000000000000000,9.0000000000000000,9.0000000000000000,22.0000000000000000,9.0000000000000000,9.0000000000000000,23.0000000000000000,14.0000000000000000,127.0000000000000000,20.0000000000000000,20.0000000000000000,25.0000000000000000,24.0000000000000000,24.0000000000000000,24.0000000000000000,15.0000000000000000,15.0000000000000000,10.0000000000000000,10.0000000000000000,10.0000000000000000,22.0000000000000000,21.0000000000000000,19.0000000000000000,15.0000000000000000,15.0000000000000000,10.0000000000000000,16.0000000000000000,16.0000000000000000,9.0000000000000000,18.0000000000000000,18.0000000000000000,123.0000000000000000,16.0000000000000000,19.0000000000000000,5216.4627233005376183,30437621.0945024192333221
13.7878787878787872,14.8181818181818183,19.7878787878787890,18.7575757575757578,18.6363636363636367,18.1212121212121211,11.6666666666666661,14.2424242424242422,17.7575757575757578,11.9696969696969688,15.1818181818181817,11.3636363636363633,13.0909090909090917,13.9696969696969688,17.4242424242424256,17.0303030303030312,20.8484848484848477,10.6060606060606055,10.6060606060606055,14.5151515151515156,18.7272727272727266,18.6666666666666679,25.0303030303030312,20.1212121212121211,18.0606060606060623,15.2424242424242422,11.9696969696969688,9.8787878787878789,52.9090909090909065,29.3939393939393945,14.9696969696969688,17.3636363636363633,17.4848484848484844,22.2424242424242422,23.6363636363636367,23.8181818181818166,22.8787878787878789,17.7878787878787890,13.8181818181818183,18.0606060606060623,17.7878787878787890,9.7575757575757578,8.8787878787878789,8.9696969696969688,20.1212121212121211,10.3939393939393945,11.1515151515151523,23.6666666666666679,8.1515151515151523,7.5454545454545459,9.3636363636363633,9.3636363636363633,10.3939393939393945,43.0606060606060623,127.0000000000000000,13.9090909090909083,14.2424242424242422,14.4848484848484844,23.7575757575757578,17.9696969696969688,13.0606060606060606,15.2424242424242422,12.0303030303030312,12.3333333333333339,5216.4627233005376183,30030475.5137534029781818
18.2093023255813939,18.1860465116279073,18.3255813953488378,18.2325581395348841,20.3023255813953476,20.5348837209302317,16.0465116279069768,17.4186046511627914,21.3488372093023244,16.1162790697674403,15.8372093023255811,18.8372093023255829,20.2558139534883708,21.6976744186046524,13.7906976744186043,14.2325581395348841,20.5348837209302317,18.1395348837209305,17.9302325581395365,14.5116279069767433,15.2093023255813957,21.7209302325581390,16.0930232558139537,10.3953488372093030,10.6046511627906970,16.0697674418604635,17.3488372093023244,20.3488372093023244,14.4883720930232567,15.8139534883720927,20.6046511627906987,18.0930232558139537,18.1395348837209305,18.5581395348837219,17.1395348837209305,16.9069767441860463,19.9534883720930232,18.6279069767441854,19.0000000000000000,23.2093023255813939,18.3023255813953476,10.0930232558139537,16.9534883720930232,16.5116279069767451,14.5116279069767433,14.6744186046511622,14.9767441860465116,25.0232558139534866,125.5116279069767415,12.7674418604651159,19.3953488372093013,15.8837209302325579,18.3953488372093013,10.0697674418604652,9.6511627906976738,17.0465116279069768,14.0930232558139537,13.5581395348837201,20.1627906976744171,16.8139534883720927,16.5813953488372086,21.8837209302325597,21.0465116279069768,21.6744186046511622,5216.4627233005376183,29470976.1161587797105312
23.2058823529411775,13.3235294117647065,11.8529411764705888,19.9705882352941160,17.9705882352941160,8.7058823529411757,15.7352941176470580,15.7058823529411757,18.7352941176470580,18.7058823529411775,18.0588235294117645,22.5588235294117645,22.5882352941176485,23.9411764705882355,11.7941176470588243,9.9117647058823533,17.7352941176470580,11.1764705882352935,11.4411764705882355,16.2352941176470580,20.6764705882352935,21.0000000000000000,22.2941176470588225,16.2352941176470580,22.5882352941176485,11.0294117647058822,10.5882352941176467,16.1470588235294130,14.2058823529411757,14.4705882352941178,14.0882352941176467,13.3823529411764710,12.5294117647058822,10.0882352941176467,19.9705882352941160,19.7352941176470580,24.9705882352941160,30.6176470588235290,20.2941176470588225,8.7941176470588243,9.1764705882352935,18.1470588235294130,20.4411764705882355,21.4411764705882355,17.6764705882352935,11.6176470588235290,11.1470588235294112,17.8823529411764710,15.6764705882352935,10.2941176470588243,14.9117647058823533,16.0294117647058840,16.8529411764705870,13.8235294117647065,13.5588235294117645,18.7352941176470580,14.5882352941176467,14.2647058823529420,23.8823529411764710,126.8823529411764639,11.8529411764705888,24.1764705882352935,20.7647058823529420,9.0294117647058822,5216.4627233005376183,29001452.5142995044589043
14.2551020408163271,13.8775510204081627,15.5816326530612237,17.9591836734693864,17.2653061224489797,17.3163265306122440,23.0102040816326543,24.6326530612244881,14.2142857142857135,19.4387755102040813,19.0204081632653050,11.0918367346938780,12.4387755102040813,13.6530612244897966,13.3163265306122440,12.4591836734693882,17.6734693877551017,16.5204081632653050,16.2959183673469390,16.4489795918367356,20.5408163265306136,21.7959183673469390,12.2448979591836729,13.2346938775510203,18.9897959183673457,13.7142857142857135,13.5204081632653068,13.0102040816326525,21.3571428571428577,118.8367346938775455,16.4387755102040813,17.5102040816326543,17.3163265306122440,21.0306122448979593,19.4897959183673457,18.9285714285714270,21.9081632653061220,18.3877551020408170,16.8061224489795933,13.7346938775510203,13.8367346938775508,17.4693877551020407,20.8265306122448983,20.7244897959183660,15.6428571428571423,27.3979591836734677,26.2653061224489797,17.6530612244897966,17.5510204081632644,19.5408163265306136,11.1224489795918373,19.5204081632653050,22.7346938775510203,17.9693877551020407,16.6122448979591830,11.6530612244897966,16.3775510204081627,16.4081632653061220,19.5000000000000000,11.7244897959183678,11.1836734693877560,15.7448979591836729,15.4081632653061220,17.8877551020408170,5216.4627233005376183,27844888.8918019384145737
24.8857142857142861,16.7142857142857153,14.9428571428571431,12.0000000000000000,9.2571428571428580,123.9714285714285751,37.5142857142857125,23.1142857142857139,11.0857142857142854,11.0857142857142854,10.3714285714285719,8.5142857142857142,11.1142857142857139,16.4571428571428555,11.5428571428571427,11.4571428571428573,14.8285714285714292,14.5714285714285712,14.5428571428571427,10.0857142857142854,14.1999999999999993,14.1999999999999993,16.3142857142857132,13.6571428571428566,12.0285714285714285,14.9142857142857146,16.4285714285714270,18.0285714285714285,19.3142857142857132,18.3428571428571416,11.5428571428571427,20.6857142857142868,20.4285714285714270,18.6285714285714299,20.0285714285714285,20.3714285714285701,21.2285714285714278,14.6285714285714281,15.4285714285714288,25.5428571428571445,13.0285714285714285,8.6857142857142851,11.9142857142857146,12.0857142857142854,10.4571428571428573,11.9428571428571431,12.1428571428571423,13.5999999999999996,9.8857142857142861,15.5999999999999996,22.5714285714285730,23.4285714285714270,9.6857142857142851,9.4857142857142858,9.3142857142857149,23.9142857142857146,21.5142857142857160,23.6000000000000014,23.6000000000000014,20.6857142857142868,17.2285714285714278,26.5142857142857160,16.2285714285714278,9.1428571428571423,5216.4627233005376183,27369226.4131080545485020
16.4285714285714270,16.5974025974025992,23.4675324675324681,17.2727272727272734,17.7922077922077939,21.6493506493506480,10.8051948051948052,10.8571428571428577,22.1428571428571423,14.1298701298701292,14.6493506493506498,19.0779220779220786,18.0000000000000000,16.7012987012987004,18.5584415584415581,18.0519480519480524,22.0909090909090899,15.1818181818181817,15.2207792207792210,14.8181818181818183,20.5844155844155843,20.9740259740259738,12.4675324675324681,14.7012987012987004,16.6493506493506480,16.4545454545454533,11.7142857142857135,10.9870129870129869,19.8311688311688314,17.5454545454545467,18.3116883116883109,14.3766233766233764,15.2597402597402603,15.2727272727272734,22.1558441558441572,24.1038961038961048,23.7792207792207790,17.2727272727272734,17.9350649350649363,23.0779220779220786,126.4025974025974079,16.0779220779220786,19.2207792207792210,19.3766233766233782,19.6103896103896105,23.8311688311688314,23.9090909090909101,17.1558441558441572,16.7792207792207790,17.6233766233766218,12.7532467532467528,12.4285714285714288,15.4155844155844157,19.0519480519480524,19.5194805194805205,21.4675324675324681,13.1558441558441555,13.1168831168831161,13.5064935064935057,19.5584415584415581,19.5324675324675319,15.1298701298701292,12.8181818181818183,12.0779220779220786,5216.4627233005376183,26361385.0825901366770267
18.3770491803278695,18.8524590163934427,76.0819672131147513,23.1967213114754109,22.8360655737704903,16.4590163934426243,11.6065573770491799,12.0983606557377055,23.8852459016393439,20.4262295081967196,21.1803278688524586,21.3934426229508183,17.0655737704918025,10.8524590163934427,21.0655737704918025,18.4098360655737707,16.0163934426229524,21.9508196721311464,21.9836065573770476,17.2622950819672134,19.4918032786885256,19.8688524590163951,15.9836065573770494,17.9672131147540988,20.1639344262295097,24.4098360655737707,17.7049180327868854,11.9016393442622945,15.4918032786885238,15.4426229508196720,20.9180327868852451,12.5573770491803280,12.2786885245901640,12.0000000000000000,15.1475409836065573,17.9508196721311464,26.6229508196721305,10.9836065573770494,9.9508196721311482,23.1967213114754109,21.2295081967213122,17.0327868852459012,12.8360655737704921,12.7704918032786878,14.1803278688524586,20.4262295081967196,21.7377049180327866,12.3770491803278695,15.3278688524590159,20.2131147540983598,17.9836065573770476,18.1803278688524586,22.4426229508196720,13.2622950819672134,13.2295081967213122,20.2622950819672134,20.1147540983606561,20.7049180327868854,16.0000000000000000,18.3770491803278695,41.7704918032786878,16.5409836065573757,15.7377049180327866,17.6065573770491817,5216.4627233005376183,26029669.1287906840443611
15.8448275862068968,12.0344827586206904,10.8275862068965516,20.3103448275862064,19.4310344827586192,11.3103448275862064,18.6896551724137936,18.6896551724137936,22.7758620689655160,12.5000000000000000,12.9137931034482758,13.7758620689655178,14.8448275862068968,16.3103448275862064,12.8103448275862064,11.4482758620689662,18.4827586206896548,10.9827586206896548,11.3793103448275854,19.4310344827586192,19.1206896551724128,19.3448275862068968,16.6724137931034484,17.8448275862068968,20.6034482758620676,15.5344827586206904,10.1551724137931032,9.9137931034482758,15.6896551724137936,14.9310344827586210,10.5517241379310338,17.5862068965517224,17.6379310344827580,19.8965517241379324,17.7586206896551708,16.0689655172413808,24.3965517241379324,127.0000000000000000,12.4137931034482758,18.9827586206896548,19.0862068965517224,21.2586206896551708,21.6206896551724128,21.5862068965517224,12.7758620689655178,19.7758620689655160,19.6551724137931032,20.4482758620689644,11.9827586206896548,9.8448275862068968,22.4310344827586192,15.6896551724137936,12.3103448275862064,13.0172413793103452,12.2931034482758612,20.3103448275862064,18.7586206896551708,18.5172413793103452,17.7758620689655160,16.0517241379310356,17.1379310344827580,15.0689655172413790,13.6551724137931032,13.8620689655172420,5216.4627233005376183,25248615.1635741069912910
17.1818181818181834,17.6969696969696955,19.6969696969696955,21.2121212121212110,19.7878787878787890,12.3333333333333339,11.4545454545454550,10.7575757575757578,15.1515151515151523,18.0000000000000000,18.2424242424242422,20.9090909090909101,21.4242424242424256,23.5454545454545467,19.6363636363636367,18.2121212121212110,19.5454545454545467,15.7272727272727266,15.8181818181818183,15.0606060606060606,12.2727272727272734,12.6363636363636367,17.5151515151515156,15.2424242424242422,15.3030303030303028,22.2727272727272734,13.0606060606060606,11.4242424242424239,14.0303030303030312,14.5454545454545450,17.2424242424242422,14.3939393939393945,13.6363636363636367,65.3939393939393909,17.6363636363636367,16.2424242424242422,22.0909090909090899,17.6666666666666679,69.4242424242424221,17.0606060606060623,17.9090909090909101,23.7878787878787890,21.2727272727272734,20.9696969696969688,19.3030303030303045,15.5757575757575761,16.1212121212121211,10.9696969696969688,13.5454545454545450,15.5757575757575761,15.7272727272727266,15.2424242424242422,13.8787878787878789,15.1818181818181817,15.2121212121212128,12.8484848484848477,16.7878787878787890,16.6363636363636367,13.6969696969696972,17.4545454545454533,18.6363636363636367,18.4848484848484844,16.9393939393939377,17.8181818181818166,5216.4627233005376183,25013255.0406747758388519
12.6956521739130430,12.0434782608695645,12.0434782608695645,12.8260869565217384,13.7391304347826093,12.3043478260869570,18.0434782608695663,18.4782608695652186,19.6956521739130430,15.4347826086956523,22.5217391304347814,14.4782608695652169,10.3043478260869570,16.9130434782608710,13.8695652173913047,16.4782608695652186,21.5652173913043477,19.2608695652173907,18.5652173913043477,21.3913043478260860,13.3478260869565215,11.8695652173913047,19.1304347826086953,11.8260869565217384,11.6521739130434785,14.6086956521739122,15.2608695652173907,15.9565217391304355,11.2608695652173907,11.3913043478260878,21.3478260869565233,19.4782608695652186,23.6521739130434767,14.6956521739130430,16.3478260869565233,16.5652173913043477,14.8695652173913047,15.6956521739130430,16.7826086956521756,11.9130434782608692,12.5217391304347831,18.8695652173913047,9.8695652173913047,9.9130434782608692,19.1304347826086953,18.1739130434782616,18.0000000000000000,14.6956521739130430,13.9130434782608692,124.6521739130434838,13.9565217391304355,13.4782608695652169,17.4782608695652186,15.2608695652173907,15.3478260869565215,18.6521739130434767,11.6086956521739122,11.7826086956521738,14.8695652173913047,8.7826086956521738,8.8695652173913047,15.7826086956521738,15.8695652173913047,16.3043478260869570,5216.4627233005376183,24724295.6601501703262329
22.7906976744186061,19.0930232558139537,9.8837209302325579,79.6976744186046488,77.4186046511627950,11.5581395348837201,18.1860465116279073,18.1860465116279073,15.3720930232558146,19.3720930232558146,22.3023255813953476,9.8604651162790695,8.7674418604651159,8.9302325581395348,14.5813953488372086,14.2325581395348841,9.8837209302325579,21.3720930232558146,21.3720930232558146,24.8139534883720927,12.0930232558139537,11.3255813953488378,25.8604651162790695,20.7674418604651159,22.0697674418604635,14.2325581395348841,15.7209302325581390,22.8837209302325597,15.6976744186046506,17.5813953488372086,16.1395348837209305,15.9302325581395348,17.1627906976744171,10.6744186046511622,10.3488372093023262,11.5116279069767433,18.4651162790697683,17.1860465116279073,14.0930232558139537,20.6046511627906987,21.0465116279069768,22.5116279069767451,11.3488372093023262,11.5581395348837201,17.4186046511627914,20.7209302325581390,20.8604651162790695,16.2790697674418610,13.6976744186046506,12.6511627906976738,32.4186046511627879,23.7674418604651159,14.4186046511627914,12.8837209302325579,13.1627906976744189,11.8604651162790695,15.2325581395348841,15.2325581395348841,9.4418604651162799,10.5348837209302317,10.8604651162790695,17.6976744186046524,15.9534883720930232,14.7906976744186043,5216.4627233005376183,24331627.0938278771936893
14.5238095238095237,15.1904761904761898,15.4047619047619051,20.7380952380952372,21.6190476190476204,19.2857142857142847,19.8809523809523796,20.1428571428571423,13.7619047619047628,15.8571428571428577,15.9285714285714288,12.2619047619047628,12.2857142857142865,14.6904761904761898,15.0714285714285712,15.3095238095238102,22.8095238095238102,13.4047619047619051,13.5000000000000000,22.8571428571428577,17.7142857142857153,18.9761904761904745,16.2619047619047628,16.9285714285714270,17.5000000000000000,18.5952380952380949,18.1190476190476204,14.1666666666666661,18.4047619047619051,18.4285714285714270,14.8809523809523814,19.8809523809523796,19.9047619047619051,19.2619047619047628,18.2857142857142847,22.6190476190476204,21.0476190476190474,19.2619047619047628,18.0714285714285730,17.8571428571428577,18.1666666666666679,20.1666666666666679,18.0000000000000000,18.6666666666666679,17.8333333333333321,110.0476190476190510,27.3571428571428577,15.6904761904761898,17.5714285714285730,19.7142857142857153,14.3095238095238102,15.9047619047619051,17.7619047619047628,15.1904761904761898,14.9523809523809526,13.1428571428571423,16.8095238095238102,16.9761904761904745,17.8809523809523796,16.6190476190476204,15.1904761904761898,16.2380952380952372,16.3571428571428577,17.6428571428571423,5216.4627233005376183,23931685.8503069356083870
123.2692307692307736,22.5384615384615401,20.2692307692307701,15.8846153846153850,15.8461538461538467,23.8076923076923066,10.6153846153846150,10.3461538461538467,22.7692307692307701,19.2307692307692299,15.4615384615384617,18.8076923076923066,17.3076923076923066,16.0769230769230766,12.4615384615384617,13.0000000000000000,16.8461538461538467,18.6538461538461533,18.1153846153846168,18.4615384615384599,16.8461538461538467,16.6153846153846168,9.6923076923076916,11.9230769230769234,16.0769230769230766,14.3846153846153850,13.1153846153846150,11.9615384615384617,20.5000000000000000,16.6923076923076934,15.8461538461538467,28.0769230769230766,27.5384615384615401,12.3076923076923084,10.0384615384615383,10.0000000000000000,21.5769230769230766,16.2692307692307701,13.3461538461538467,19.9230769230769234,19.8846153846153832,21.9615384615384599,20.1923076923076934,19.3846153846153832,11.8846153846153850,18.7692307692307701,19.7692307692307701,20.4230769230769234,15.8846153846153850,17.0000000000000000,15.5000000000000000,12.2692307692307701,9.7307692307692299,15.2692307692307701,15.2307692307692299,15.6923076923076916,14.5384615384615383,14.5384615384615383,20.9230769230769234,11.7692307692307701,10.5769230769230766,10.4615384615384617,9.5769230769230766,19.5769230769230766,5216.4627233005376183,23618979.0182326212525368
19.1818181818181834,16.8181818181818166,11.5454545454545450,17.8181818181818166,17.9090909090909101,16.9090909090909101,23.9090909090909101,21.1818181818181834,10.3636363636363633,12.0000000000000000,13.1818181818181817,14.5454545454545450,11.8181818181818183,11.2727272727272734,22.6363636363636367,28.1818181818181834,16.5454545454545467,16.0000000000000000,16.0909090909090899,12.1818181818181817,14.4545454545454550,17.7272727272727266,23.7272727272727266,19.0909090909090899,19.5454545454545467,13.0909090909090917,11.2727272727272734,13.7272727272727266,21.7272727272727266,19.5454545454545467,16.6363636363636367,21.6363636363636367,21.6363636363636367,17.9090909090909101,26.3636363636363633,22.1818181818181834,19.2727272727272734,9.8181818181818183,8.1818181818181817,8.9090909090909083,10.1818181818181817,19.0909090909090899,18.3636363636363633,18.2727272727272734,20.8181818181818166,16.6363636363636367,20.7272727272727266,16.1818181818181834,19.2727272727272734,19.2727272727272734,9.0000000000000000,13.9090909090909083,16.3636363636363633,122.7272727272727337,17.4545454545454533,9.1818181818181817,13.0909090909090917,13.6363636363636367,18.3636363636363633,10.9090909090909083,11.1818181818181817,12.7272727272727266,13.1818181818181817,21.9090909090909101,5216.4627233005376183,23478983.0657060742378235
13.5357142857142865,14.1071428571428577,22.2500000000000000,17.9285714285714270,16.1428571428571423,23.8571428571428577,126.0357142857142918,15.6071428571428577,15.2500000000000000,20.4285714285714270,23.0357142857142847,19.4285714285714270,16.8571428571428577,15.7142857142857135,19.7500000000000000,18.3571428571428577,13.6428571428571423,19.7500000000000000,16.6785714285714270,18.4642857142857153,10.9285714285714288,10.9285714285714288,17.8214285714285730,14.1785714285714288,12.2857142857142865,19.8214285714285730,21.6071428571428577,15.0000000000000000,18.7142857142857153,20.4642857142857153,19.4642857142857153,17.4642857142857153,16.7142857142857153,13.0714285714285712,17.2857142857142847,17.8214285714285730,22.5714285714285730,15.3214285714285712,13.8214285714285712,23.1071428571428577,19.1071428571428577,12.1428571428571423,13.2857142857142865,13.2857142857142865,20.3928571428571423,16.7500000000000000,16.8214285714285730,17.7142857142857153,17.0357142857142847,18.8571428571428577,20.1428571428571423,17.6785714285714270,21.3571428571428577,14.3214285714285712,12.6428571428571423,17.9642857142857153,15.6785714285714288,15.5000000000000000,24.7857142857142847,20.4642857142857153,19.7142857142857153,18.0357142857142847,15.3571428571428577,12.0714285714285712,5216.4627233005376183,23116910.7577873617410660
14.3076923076923084,14.3846153846153850,13.5384615384615383,24.9230769230769234,24.9230769230769234,9.2307692307692299,11.0769230769230766,11.1538461538461533,18.0769230769230766,19.3076923076923066,19.0000000000000000,20.8461538461538467,19.6923076923076934,21.6153846153846168,21.1538461538461533,19.2307692307692299,18.3846153846153832,14.0000000000000000,14.0000000000000000,19.3076923076923066,12.8461538461538467,12.2307692307692299,15.8461538461538467,23.2307692307692299,14.3076923076923084,24.6153846153846168,11.0769230769230766,9.2307692307692299,10.2307692307692299,10.1538461538461533,6.3846153846153850,9.5384615384615383,9.5384615384615383,20.9230769230769234,10.1538461538461533,10.1538461538461533,22.5384615384615401,25.0000000000000000,14.3076923076923084,19.4615384615384599,20.7692307692307701,27.3846153846153832,22.7692307692307701,22.6923076923076934,22.6923076923076934,15.4615384615384617,14.7692307692307701,12.6153846153846150,11.0000000000000000,11.3076923076923084,18.8461538461538467,19.5384615384615401,18.9230769230769234,14.6153846153846150,14.5384615384615383,9.9230769230769234,15.2307692307692299,15.3076923076923084,10.0000000000000000,15.0769230769230766,17.1538461538461533,121.6153846153846132,16.2307692307692299,18.0000000000000000,5216.4627233005376183,22964808.7999214380979538
13.5000000000000000,15.7500000000000000,17.3750000000000000,13.7500000000000000,15.2500000000000000,28.7500000000000000,21.5000000000000000,25.6250000000000000,14.6250000000000000,21.5000000000000000,22.2500000000000000,14.0000000000000000,13.3750000000000000,10.3750000000000000,9.8750000000000000,9.6250000000000000,16.3750000000000000,18.2500000000000000,18.2500000000000000,17.7500000000000000,17.5000000000000000,17.2500000000000000,9.5000000000000000,10.3750000000000000,23.8750000000000000,25.3750000000000000,14.7500000000000000,17.3750000000000000,11.2500000000000000,11.2500000000000000,124.7500000000000000,14.6250000000000000,14.5000000000000000,26.0000000000000000,15.7500000000000000,15.6250000000000000,17.6250000000000000,14.5000000000000000,10.8750000000000000,14.7500000000000000,14.8750000000000000,17.8750000000000000,16.2500000000000000,16.2500000000000000,9.2500000000000000,21.1250000000000000,28.5000000000000000,10.5000000000000000,11.2500000000000000,12.5000000000000000,7.7500000000000000,13.6250000000000000,17.2500000000000000,22.7500000000000000,22.6250000000000000,19.5000000000000000,21.6250000000000000,22.2500000000000000,10.7500000000000000,14.5000000000000000,13.1250000000000000,14.3750000000000000,14.2500000000000000,19.6250000000000000,5216.4627233005376183,22858846.1476957537233829
13.0000000000000000,52.2222222222222214,20.6666666666666679,19.1111111111111107,19.0000000000000000,18.3333333333333321,10.0000000000000000,10.0000000000000000,21.3333333333333321,12.0000000000000000,17.5555555555555571,11.4444444444444446,12.5555555555555554,14.0000000000000000,17.0000000000000000,17.0000000000000000,21.7777777777777786,10.0000000000000000,10.1111111111111107,20.4444444444444429,19.0000000000000000,19.1111111111111107,25.2222222222222214,17.1111111111111107,29.3333333333333321,15.4444444444444446,11.3333333333333339,10.0000000000000000,125.0000000000000000,16.0000000000000000,20.0000000000000000,16.6666666666666679,17.0000000000000000,21.7777777777777786,23.5555555555555571,24.2222222222222214,23.0000000000000000,16.0000000000000000,14.0000000000000000,19.0000000000000000,19.0000000000000000,9.0000000000000000,8.0000000000000000,8.0000000000000000,20.6666666666666679,10.0000000000000000,10.0000000000000000,18.6666666666666679,7.7777777777777777,6.3333333333333330,9.0000000000000000,9.0000000000000000,9.0000000000000000,104.1111111111111143,22.0000000000000000,14.3333333333333339,14.8888888888888893,14.5555555555555554,23.5555555555555571,16.6666666666666679,13.0000000000000000,15.4444444444444446,11.2222222222222214,11.4444444444444446,5216.4627233005376183,22772346.6634285151958466
11.7586206896551726,11.8620689655172420,16.0344827586206904,13.6896551724137936,13.1034482758620694,12.6551724137931032,19.4137931034482776,19.3448275862068968,23.0000000000000000,19.9655172413793096,32.2068965517241352,15.0689655172413790,14.3793103448275854,16.4137931034482776,17.7931034482758612,15.7586206896551726,18.3793103448275872,19.5172413793103452,17.4827586206896548,34.0689655172413808,13.8275862068965516,13.5172413793103452,18.3103448275862064,12.5517241379310338,12.5172413793103452,12.7241379310344822,14.2068965517241388,18.5172413793103452,10.6896551724137936,11.1724137931034484,23.5862068965517224,20.1379310344827580,21.8620689655172420,19.2068965517241388,14.6551724137931032,14.2068965517241388,12.2068965517241388,11.4137931034482758,11.9655172413793096,16.4482758620689644,14.1724137931034484,15.0000000000000000,13.7241379310344822,12.9310344827586210,17.9655172413793096,16.5862068965517224,16.1724137931034484,11.4482758620689662,13.5862068965517242,13.5862068965517242,12.1379310344827580,13.1724137931034484,20.4827586206896548,19.7931034482758612,20.1379310344827580,114.3448275862068897,12.6206896551724146,12.3103448275862064,15.3793103448275854,12.4482758620689662,12.5517241379310338,15.3103448275862064,14.8620689655172420,15.4137931034482758,5216.4627233005376183,22463581.7183870077133179
15.8421052631578956,126.4210526315789451,17.6842105263157912,19.2631578947368425,19.0526315789473699,18.8421052631578938,13.1052631578947363,12.0000000000000000,11.2631578947368425,13.4210526315789469,13.5789473684210531,17.5263157894736850,13.1052631578947363,11.7894736842105257,13.7368421052631575,14.0000000000000000,18.2631578947368425,14.2631578947368425,13.7894736842105257,17.8421052631578938,15.7894736842105257,15.7368421052631575,19.9473684210526301,14.5263157894736850,13.2631578947368425,12.7894736842105257,10.5789473684210531,9.4736842105263150,17.4210526315789487,17.3684210526315788,18.6315789473684212,19.2105263157894726,19.2631578947368425,13.2631578947368425,16.2631578947368425,16.8947368421052637,20.2105263157894726,18.2105263157894726,15.7368421052631575,15.6842105263157894,16.6842105263157912,19.4210526315789487,12.2631578947368425,11.5263157894736850,23.8947368421052637,18.0000000000000000,18.0000000000000000,23.3684210526315788,11.7894736842105257,11.2105263157894743,9.5789473684210531,9.0526315789473681,8.6842105263157894,13.6842105263157894,13.3684210526315788,13.4210526315789469,19.5789473684210513,19.7368421052631575,17.1578947368421062,11.5789473684210531,11.2105263157894743,16.2631578947368425,17.8421052631578938,18.7368421052631575,5216.4627233005376183,22215192.8332676663994789
13.0000000000000000,126.0000000000000000,20.2500000000000000,19.0000000000000000,19.0000000000000000,18.2500000000000000,10.0000000000000000,10.0000000000000000,18.0000000000000000,12.0000000000000000,12.0000000000000000,12.0000000000000000,13.2500000000000000,14.0000000000000000,17.0000000000000000,17.0000000000000000,37.0000000000000000,10.0000000000000000,10.0000000000000000,13.0000000000000000,19.0000000000000000,19.2500000000000000,25.5000000000000000,19.0000000000000000,17.7500000000000000,15.2500000000000000,14.5000000000000000,10.0000000000000000,16.0000000000000000,16.0000000000000000,13.0000000000000000,17.0000000000000000,17.0000000000000000,21.7500000000000000,23.0000000000000000,25.0000000000000000,23.0000000000000000,18.5000000000000000,14.0000000000000000,19.0000000000000000,19.0000000000000000,9.0000000000000000,8.0000000000000000,8.0000000000000000,20.2500000000000000,10.0000000000000000,10.0000000000000000,18.7500000000000000,9.2500000000000000,6.2500000000000000,9.0000000000000000,9.0000000000000000,9.0000000000000000,75.5000000000000000,127.0000000000000000,14.7500000000000000,14.2500000000000000,14.7500000000000000,23.2500000000000000,15.7500000000000000,13.0000000000000000,14.0000000000000000,12.2500000000000000,11.7500000000000000,5216.4627233005376183,22170779.2274984344840050
13.0000000000000000,126.0000000000000000,21.0000000000000000,19.0000000000000000,19.0000000000000000,18.6666666666666679,10.0000000000000000,10.0000000000000000,18.0000000000000000,12.0000000000000000,28.6666666666666679,11.6666666666666661,12.6666666666666661,14.0000000000000000,17.0000000000000000,17.0000000000000000,21.6666666666666679,10.0000000000000000,10.0000000000000000,13.0000000000000000,19.0000000000000000,19.0000000000000000,25.6666666666666679,17.3333333333333321,17.6666666666666679,15.6666666666666661,12.0000000000000000,10.0000000000000000,16.0000000000000000,125.0000000000000000,13.0000000000000000,17.0000000000000000,17.0000000000000000,21.6666666666666679,22.6666666666666679,24.3333333333333321,23.0000000000000000,14.0000000000000000,14.0000000000000000,19.0000000000000000,19.0000000000000000,9.0000000000000000,8.0000000000000000,8.0000000000000000,21.0000000000000000,10.0000000000000000,10.0000000000000000,19.0000000000000000,6.0000000000000000,6.0000000000000000,9.0000000000000000,9.0000000000000000,10.3333333333333339,24.0000000000000000,58.3333333333333357,14.6666666666666661,14.3333333333333339,14.6666666666666661,23.3333333333333321,16.6666666666666679,13.0000000000000000,18.6666666666666679,11.0000000000000000,11.3333333333333339,5216.4627233005376183,22150883.6493734344840050
19.0000000000000000,17.8571428571428577,11.4285714285714288,18.0000000000000000,18.0000000000000000,22.4285714285714270,10.0000000000000000,10.0000000000000000,22.5714285714285730,13.0000000000000000,13.0000000000000000,16.7142857142857153,15.4285714285714288,8.0000000000000000,28.8571428571428577,22.4285714285714270,13.5714285714285712,18.7142857142857153,19.0000000000000000,9.0000000000000000,11.0000000000000000,11.0000000000000000,10.0000000000000000,16.2857142857142847,20.7142857142857153,6.7142857142857144,14.2857142857142865,32.1428571428571459,11.8571428571428577,12.0000000000000000,16.0000000000000000,24.0000000000000000,24.0000000000000000,16.8571428571428577,8.0000000000000000,8.0000000000000000,19.0000000000000000,7.0000000000000000,17.5714285714285730,13.2857142857142865,13.7142857142857135,6.0000000000000000,25.8571428571428577,24.4285714285714270,20.5714285714285730,11.1428571428571423,11.5714285714285712,23.7142857142857153,24.8571428571428577,32.5714285714285694,127.0000000000000000,8.0000000000000000,25.2857142857142847,13.0000000000000000,13.0000000000000000,14.0000000000000000,10.0000000000000000,10.0000000000000000,8.0000000000000000,17.1428571428571423,17.7142857142857153,8.0000000000000000,17.8571428571428577,18.0000000000000000,5216.4627233005376183,22014619.2750224843621254
23.0000000000000000,10.0000000000000000,123.0000000000000000,23.0000000000000000,23.0000000000000000,24.0000000000000000,17.0000000000000000,17.0000000000000000,23.0000000000000000,9.0000000000000000,9.0000000000000000,15.0000000000000000,7.0000000000000000,8.0000000000000000,9.0000000000000000,9.0000000000000000,14.0000000000000000,19.0000000000000000,19.0000000000000000,8.0000000000000000,12.0000000000000000,12.0000000000000000,15.0000000000000000,9.0000000000000000,9.0000000000000000,58.0000000000000000,21.0000000000000000,13.0000000000000000,23.0000000000000000,23.0000000000000000,23.0000000000000000,17.0000000000000000,17.0000000000000000,18.0000000000000000,9.0000000000000000,9.0000000000000000,26.0000000000000000,6.0000000000000000,6.0000000000000000,23.0000000000000000,23.0000000000000000,9.0000000000000000,10.0000000000000000,9.0000000000000000,13.0000000000000000,15.0000000000000000,15.0000000000000000,123.0000000000000000,19.0000000000000000,19.0000000000000000,47.0000000000000000,23.0000000000000000,23.0000000000000000,9.0000000000000000,9.0000000000000000,11.0000000000000000,22.0000000000000000,22.0000000000000000,12.0000000000000000,12.0000000000000000,13.0000000000000000,23.0000000000000000,17.0000000000000000,18.0000000000000000,5216.4627233005376183,21995925.0906963087618351
18.0000000000000000,18.0000000000000000,26.5000000000000000,16.0000000000000000,19.0000000000000000,19.0000000000000000,25.0000000000000000,21.0000000000000000,20.3333333333333321,20.6666666666666679,20.6666666666666679,16.3333333333333321,18.0000000000000000,18.6666666666666679,13.0000000000000000,13.0000000000000000,15.0000000000000000,15.0000000000000000,15.0000000000000000,8.0000000000000000,20.0000000000000000,124.0000000000000000,6.0000000000000000,7.0000000000000000,11.6666666666666661,8.0000000000000000,10.0000000000000000,19.1666666666666679,15.1666666666666661,13.6666666666666661,15.0000000000000000,18.3333333333333321,18.0000000000000000,17.1666666666666679,13.0000000000000000,13.0000000000000000,21.5000000000000000,21.8333333333333321,21.5000000000000000,17.1666666666666679,16.0000000000000000,10.3333333333333339,11.8333333333333339,11.3333333333333339,12.3333333333333339,19.0000000000000000,19.0000000000000000,20.5000000000000000,18.1666666666666679,9.0000000000000000,22.1666666666666679,16.6666666666666679,14.0000000000000000,11.0000000000000000,11.0000000000000000,13.6666666666666661,19.3333333333333321,19.3333333333333321,23.0000000000000000,14.6666666666666661,13.0000000000000000,23.8333333333333321,25.3333333333333321,45.3333333333333357,5216.4627233005376183,21913022.6282136179506779
13.5000000000000000,13.5000000000000000,14.1500000000000004,12.0000000000000000,11.4499999999999993,10.4499999999999993,22.6499999999999986,23.4499999999999993,24.8999999999999986,28.6499999999999986,103.0499999999999972,9.0000000000000000,10.9499999999999993,18.6999999999999993,12.4499999999999993,11.6500000000000004,21.7500000000000000,22.3500000000000014,22.3500000000000014,35.1000000000000014,10.3499999999999996,9.6500000000000004,23.1000000000000014,10.1500000000000004,10.1500000000000004,11.8000000000000007,14.1500000000000004,17.6999999999999993,9.0000000000000000,9.0000000000000000,24.2500000000000000,23.6000000000000014,28.6000000000000014,20.3000000000000007,15.0999999999999996,14.0000000000000000,12.2500000000000000,13.7500000000000000,15.9000000000000004,9.5500000000000007,12.5000000000000000,19.1999999999999993,10.2500000000000000,10.5999999999999996,16.3999999999999986,20.7500000000000000,20.7500000000000000,12.9499999999999993,11.7500000000000000,7.0499999999999998,10.1500000000000004,11.1999999999999993,22.1499999999999986,19.1000000000000014,19.3500000000000014,15.2500000000000000,8.5999999999999996,8.5500000000000007,12.5999999999999996,9.2500000000000000,8.9499999999999993,14.1500000000000004,14.0999999999999996,14.1500000000000004,5216.4627233005376183,21705829.7306127287447453
10.5925925925925934,10.9629629629629637,10.8518518518518512,11.5925925925925934,12.7777777777777786,17.4814814814814810,18.3703703703703702,18.5925925925925917,17.2592592592592595,16.1851851851851869,17.1481481481481488,19.5185185185185190,13.1481481481481488,13.5925925925925934,19.2962962962962976,19.2592592592592595,122.7777777777777715,13.0370370370370363,13.0740740740740744,19.8888888888888893,10.2962962962962958,10.1111111111111107,20.9259259259259274,20.7777777777777786,21.2592592592592595,22.1851851851851869,21.0370370370370381,14.8148148148148149,13.9629629629629637,14.2962962962962958,13.4444444444444446,19.9259259259259274,19.9259259259259274,25.5925925925925917,16.4814814814814810,17.7777777777777786,19.1111111111111107,18.4444444444444429,20.2222222222222214,18.2222222222222214,18.0740740740740726,22.2222222222222214,14.6296296296296298,15.0370370370370363,10.8148148148148149,11.1111111111111107,11.7407407407407405,11.0370370370370363,19.4814814814814810,19.5555555555555571,19.6666666666666679,17.9259259259259274,14.5185185185185190,9.5185185185185190,9.5925925925925934,19.4074074074074083,16.8518518518518512,18.5555555555555571,21.4814814814814810,15.7777777777777786,17.0000000000000000,14.0740740740740744,15.0000000000000000,14.5925925925925934,5216.4627233005376183,21395946.0725142620503902
15.4444444444444446,13.0000000000000000,17.6388888888888893,15.0277777777777786,15.9444444444444446,14.1666666666666661,18.0833333333333321,17.6666666666666679,11.8888888888888893,10.0833333333333339,12.3888888888888893,19.4166666666666679,17.6111111111111107,15.2777777777777786,14.4444444444444446,15.3611111111111107,15.8611111111111107,15.0555555555555554,15.1388888888888893,13.4444444444444446,19.0555555555555571,21.1388888888888893,13.4166666666666661,12.0555555555555554,14.1666666666666661,19.1666666666666679,19.0833333333333321,19.2222222222222214,13.7222222222222214,13.3611111111111107,17.0555555555555571,21.5555555555555571,21.9444444444444429,15.5277777777777786,22.6111111111111107,21.0833333333333321,14.1111111111111107,10.8611111111111107,12.2777777777777786,13.0555555555555554,17.8333333333333321,21.6111111111111107,22.2777777777777786,21.6388888888888893,13.0277777777777786,16.2222222222222214,17.1111111111111107,120.9444444444444429,12.3888888888888893,13.0000000000000000,11.1111111111111107,13.1388888888888893,13.5833333333333339,21.1388888888888893,21.1666666666666679,18.4722222222222214,12.8611111111111107,12.0000000000000000,12.9722222222222214,11.1111111111111107,11.4722222222222214,13.1388888888888893,14.3055555555555554,17.1388888888888893,5216.4627233005376183,20990826.3253899402916431
10.0000000000000000,10.0000000000000000,23.0000000000000000,7.0000000000000000,7.0000000000000000,12.0000000000000000,13.0000000000000000,13.0000000000000000,8.0000000000000000,8.0000000000000000,9.0000000000000000,22.0000000000000000,22.0000000000000000,18.0000000000000000,9.0000000000000000,9.0000000000000000,14.0000000000000000,13.0000000000000000,13.0000000000000000,14.0000000000000000,25.0000000000000000,25.0000000000000000,8.0000000000000000,7.0000000000000000,10.0000000000000000,24.0000000000000000,127.0000000000000000,22.0000000000000000,9.0000000000000000,9.0000000000000000,19.0000000000000000,23.0000000000000000,22.0000000000000000,13.0000000000000000,35.0000000000000000,22.0000000000000000,9.0000000000000000,8.0000000000000000,52.0000000000000000,12.0000000000000000,26.0000000000000000,26.0000000000000000,24.0000000000000000,24.0000000000000000,9.0000000000000000,16.0000000000000000,16.0000000000000000,24.0000000000000000,8.0000000000000000,8.0000000000000000,10.0000000000000000,11.0000000000000000,11.0000000000000000,25.0000000000000000,26.0000000000000000,23.0000000000000000,9.0000000000000000,9.0000000000000000,9.0000000000000000,9.0000000000000000,9.0000000000000000,9.0000000000000000,9.0000000000000000,14.0000000000000000,5216.4627233005376183,20973908.7372287176549435
14.6666666666666661,15.0000000000000000,14.0000000000000000,27.6666666666666679,25.0000000000000000,9.0000000000000000,11.0000000000000000,11.0000000000000000,18.0000000000000000,19.6666666666666679,20.0000000000000000,19.0000000000000000,21.0000000000000000,22.6666666666666679,19.0000000000000000,19.0000000000000000,18.0000000000000000,14.0000000000000000,14.0000000000000000,19.0000000000000000,12.0000000000000000,12.0000000000000000,17.0000000000000000,119.0000000000000000,14.3333333333333339,24.3333333333333321,10.0000000000000000,9.0000000000000000,10.0000000000000000,10.0000000000000000,6.0000000000000000,9.0000000000000000,9.0000000000000000,57.0000000000000000,9.0000000000000000,9.0000000000000000,23.0000000000000000,17.0000000000000000,51.6666666666666643,20.3333333333333321,23.3333333333333321,27.3333333333333321,24.0000000000000000,23.6666666666666679,23.6666666666666679,15.0000000000000000,15.0000000000000000,25.3333333333333321,10.6666666666666661,10.6666666666666661,16.6666666666666679,17.6666666666666679,19.0000000000000000,15.0000000000000000,15.0000000000000000,10.6666666666666661,16.0000000000000000,16.0000000000000000,9.0000000000000000,15.0000000000000000,18.0000000000000000,15.6666666666666661,16.0000000000000000,18.0000000000000000,5216.4627233005376183,20955602.3687385320663452
9.0000000000000000,12.5555555555555554,25.0000000000000000,20.4444444444444429,20.7777777777777786,23.4444444444444429,11.0000000000000000,126.0000000000000000,16.6666666666666679,25.4444444444444429,29.2222222222222214,28.8888888888888893,20.5555555555555571,16.8888888888888893,25.0000000000000000,19.7777777777777786,12.1111111111111107,18.0000000000000000,18.0000000000000000,23.0000000000000000,9.0000000000000000,9.0000000000000000,19.0000000000000000,13.0000000000000000,13.0000000000000000,24.4444444444444429,22.2222222222222214,18.2222222222222214,18.4444444444444429,19.1111111111111107,23.3333333333333321,15.0000000000000000,15.0000000000000000,10.0000000000000000,16.0000000000000000,16.0000000000000000,23.1111111111111107,14.2222222222222214,14.0000000000000000,20.2222222222222214,23.4444444444444429,15.1111111111111107,14.0000000000000000,14.0000000000000000,21.6666666666666679,20.0000000000000000,17.3333333333333321,21.2222222222222214,21.8888888888888893,23.0000000000000000,16.5555555555555571,16.8888888888888893,29.6666666666666679,16.6666666666666679,14.6666666666666661,13.5555555555555554,12.4444444444444446,12.0000000000000000,27.5555555555555571,21.1111111111111107,21.8888888888888893,14.3333333333333339,14.3333333333333339,14.0000000000000000,5216.4627233005376183,20817907.8780562579631805
21.8928571428571423,14.7500000000000000,14.1428571428571423,8.1785714285714288,8.8571428571428577,19.5714285714285730,16.0357142857142847,15.2500000000000000,15.1071428571428577,16.6428571428571423,19.0714285714285730,17.1071428571428577,11.5000000000000000,11.2857142857142865,20.0000000000000000,22.9285714285714270,7.3571428571428568,23.1428571428571423,23.2857142857142847,15.0714285714285712,16.0714285714285730,19.4285714285714270,24.6428571428571423,23.3928571428571423,24.1428571428571423,23.0000000000000000,17.2500000000000000,10.2142857142857135,12.8571428571428577,12.7857142857142865,20.2500000000000000,11.7500000000000000,11.6428571428571423,18.8928571428571423,14.8571428571428577,12.7500000000000000,19.1428571428571423,18.5357142857142847,20.8571428571428577,12.8214285714285712,12.6785714285714288,22.2857142857142847,16.8571428571428577,15.7500000000000000,9.9285714285714288,8.2142857142857135,10.6428571428571423,13.0357142857142865,19.2500000000000000,19.7500000000000000,16.7142857142857153,14.7142857142857135,10.1785714285714288,23.9642857142857153,21.9642857142857153,22.3571428571428577,19.5000000000000000,19.5357142857142847,17.0714285714285730,19.4285714285714270,19.9642857142857153,18.0357142857142847,104.1785714285714306,25.8571428571428577,5216.4627233005376183,20579731.8733052611351013
10.4000000000000004,13.4000000000000004,17.6000000000000014,33.0000000000000000,19.0000000000000000,15.1999999999999993,14.0000000000000000,14.0000000000000000,20.8000000000000007,121.4000000000000057,20.6000000000000014,9.5999999999999996,11.4000000000000004,18.6000000000000014,13.1999999999999993,14.0000000000000000,22.0000000000000000,18.1999999999999993,15.4000000000000004,15.8000000000000007,12.8000000000000007,15.4000000000000004,11.5999999999999996,15.1999999999999993,18.0000000000000000,13.1999999999999993,14.4000000000000004,12.0000000000000000,18.0000000000000000,18.0000000000000000,10.1999999999999993,23.0000000000000000,23.3999999999999986,18.8000000000000007,11.5999999999999996,17.6000000000000014,12.4000000000000004,12.8000000000000007,18.8000000000000007,12.1999999999999993,11.0000000000000000,14.4000000000000004,29.8000000000000007,22.1999999999999993,15.8000000000000007,17.6000000000000014,22.6000000000000014,20.6000000000000014,11.8000000000000007,10.8000000000000007,25.6000000000000014,14.0000000000000000,10.1999999999999993,11.0000000000000000,11.0000000000000000,10.5999999999999996,15.4000000000000004,15.4000000000000004,17.8000000000000007,13.5999999999999996,13.1999999999999993,11.8000000000000007,10.5999999999999996,21.3999999999999986,5216.4627233005376183,20519788.5038265176117420
19.0000000000000000,19.0000000000000000,11.3125000000000000,18.0000000000000000,18.0000000000000000,24.2500000000000000,10.0000000000000000,10.0000000000000000,22.5625000000000000,13.0000000000000000,13.0000000000000000,127.0000000000000000,15.3750000000000000,8.0000000000000000,24.0000000000000000,23.3750000000000000,13.3750000000000000,19.0000000000000000,19.0000000000000000,9.0000000000000000,11.0000000000000000,11.3125000000000000,10.0000000000000000,16.1875000000000000,20.7500000000000000,10.0625000000000000,12.3125000000000000,23.8125000000000000,12.0000000000000000,12.0000000000000000,15.5625000000000000,24.0000000000000000,24.0000000000000000,16.4375000000000000,9.0000000000000000,8.0000000000000000,19.0000000000000000,13.7500000000000000,15.3750000000000000,13.3750000000000000,13.1250000000000000,6.0000000000000000,23.2500000000000000,24.0625000000000000,20.6875000000000000,11.8750000000000000,11.4375000000000000,23.5000000000000000,24.5625000000000000,25.3750000000000000,8.6250000000000000,8.0000000000000000,25.2500000000000000,12.7500000000000000,12.5000000000000000,14.0000000000000000,10.0000000000000000,10.0000000000000000,8.0000000000000000,17.2500000000000000,17.8125000000000000,7.8750000000000000,17.1875000000000000,18.0000000000000000,5216.4627233005376183,20290214.0128007866442204
19.0000000000000000,19.0000000000000000,18.0000000000000000,19.0000000000000000,19.0000000000000000,23.0000000000000000,13.0000000000000000,13.0000000000000000,23.0000000000000000,22.0000000000000000,10.0000000000000000,20.0000000000000000,21.0000000000000000,25.0000000000000000,14.0000000000000000,14.0000000000000000,115.0000000000000000,20.0000000000000000,20.0000000000000000,18.0000000000000000,18.0000000000000000,9.0000000000000000,23.0000000000000000,9.0000000000000000,9.0000000000000000,21.0000000000000000,22.0000000000000000,22.0000000000000000,9.0000000000000000,9.0000000000000000,24.0000000000000000,19.0000000000000000,19.0000000000000000,23.0000000000000000,21.0000000000000000,20.0000000000000000,15.0000000000000000,18.0000000000000000,18.0000000000000000,35.0000000000000000,10.0000000000000000,10.0000000000000000,21.0000000000000000,21.0000000000000000,14.0000000000000000,12.0000000000000000,12.0000000000000000,109.0000000000000000,127.0000000000000000,14.0000000000000000,11.0000000000000000,12.0000000000000000,21.0000000000000000,7.0000000000000000,7.0000000000000000,19.0000000000000000,9.0000000000000000,9.0000000000000000,20.0000000000000000,20.0000000000000000,19.0000000000000000,20.0000000000000000,20.0000000000000000,26.0000000000000000,5216.4627233005376183,20273966.4647636041045189
13.8666666666666671,13.5666666666666664,16.9333333333333336,18.0000000000000000,18.8333333333333321,15.9333333333333336,11.9666666666666668,12.0333333333333332,16.8333333333333321,17.8000000000000007,17.3666666666666671,16.0333333333333350,15.9666666666666668,14.8000000000000007,15.1999999999999993,12.8333333333333339,12.3333333333333339,21.5666666666666664,17.8333333333333321,15.2666666666666675,23.3666666666666671,23.6000000000000014,12.9333333333333336,18.7666666666666657,23.2333333333333343,11.4000000000000004,9.1666666666666661,6.6666666666666670,22.2333333333333343,12.5999999999999996,11.3333333333333339,22.0000000000000000,22.0000000000000000,16.6333333333333329,15.4666666666666668,15.5999999999999996,16.0666666666666664,15.2333333333333325,21.4666666666666650,13.0999999999999996,13.3333333333333339,12.5999999999999996,24.4666666666666650,24.6999999999999993,23.9333333333333336,18.5333333333333350,122.4333333333333371,20.1666666666666679,14.0999999999999996,14.3333333333333339,19.6000000000000014,17.0333333333333350,15.4333333333333336,9.3000000000000007,13.3666666666666671,20.8666666666666671,15.5333333333333332,16.4333333333333336,18.4333333333333336,13.4333333333333336,11.4333333333333336,14.6666666666666661,14.8333333333333339,21.8666666666666671,5216.4627233005376183,19930730.8605646789073944
20.0000000000000000,15.9090909090909083,21.1363636363636367,11.5000000000000000,10.6363636363636367,21.0454545454545467,11.0909090909090917,13.0454545454545450,17.2727272727272734,14.7272727272727266,18.9545454545454533,17.7272727272727266,19.8181818181818166,23.2272727272727266,20.0454545454545467,14.4090909090909083,10.2727272727272734,11.0000000000000000,11.0000000000000000,30.7727272727272734,20.4545454545454533,19.6818181818181834,14.2272727272727266,13.4090909090909083,10.6363636363636367,14.6363636363636367,14.8636363636363633,32.9090909090909065,18.6363636363636367,19.0000000000000000,17.4545454545454533,22.7272727272727266,21.6818181818181834,18.4545454545454533,18.8181818181818166,18.9545454545454533,20.8636363636363633,10.7272727272727266,8.7727272727272734,30.5454545454545467,22.9090909090909101,15.3636363636363633,18.4545454545454533,18.5000000000000000,9.6818181818181817,16.9090909090909101,16.9090909090909101,8.7727272727272734,11.2727272727272734,13.3636363636363633,18.6818181818181834,15.1818181818181817,123.9545454545454533,22.0000000000000000,22.3636363636363633,27.9090909090909101,16.0000000000000000,16.0000000000000000,22.0000000000000000,17.8636363636363633,21.6363636363636367,20.3636363636363633,15.4090909090909083,14.0909090909090917,5216.4627233005376183,19731842.8891391009092331
19.1666666666666679,18.5000000000000000,28.5000000000000000,22.1666666666666679,22.1666666666666679,14.3333333333333339,13.6666666666666661,13.6666666666666661,20.0000000000000000,18.3333333333333321,19.3333333333333321,18.6666666666666679,15.6666666666666661,109.5000000000000000,27.8333333333333321,19.6666666666666679,16.3333333333333321,22.6666666666666679,22.6666666666666679,16.6666666666666679,18.5000000000000000,18.5000000000000000,17.8333333333333321,18.1666666666666679,24.1666666666666679,19.6666666666666679,11.5000000000000000,12.5000000000000000,16.0000000000000000,18.5000000000000000,18.5000000000000000,16.6666666666666679,16.3333333333333321,13.5000000000000000,18.8333333333333321,20.1666666666666679,31.5000000000000000,10.8333333333333339,8.8333333333333339,17.8333333333333321,15.0000000000000000,20.1666666666666679,16.1666666666666679,16.5000000000000000,15.8333333333333339,21.1666666666666679,21.3333333333333321,12.1666666666666661,15.5000000000000000,19.1666666666666679,13.3333333333333339,16.3333333333333321,20.0000000000000000,17.1666666666666679,17.6666666666666679,16.6666666666666679,17.5000000000000000,17.6666666666666679,15.1666666666666661,17.0000000000000000,18.0000000000000000,13.5000000000000000,15.3333333333333339,18.3333333333333321,5216.4627233005376183,19677174.0017247982323170
18.0000000000000000,18.0000000000000000,22.7142857142857153,20.8571428571428577,18.8571428571428577,10.0000000000000000,10.0714285714285712,10.0000000000000000,127.0000000000000000,7.0000000000000000,7.9285714285714288,28.0714285714285730,23.2857142857142847,22.2857142857142847,17.1428571428571423,17.7142857142857153,16.5714285714285730,21.5714285714285730,19.6428571428571423,11.7142857142857135,16.5000000000000000,17.5714285714285730,12.2142857142857135,7.0714285714285712,8.7142857142857135,23.3571428571428577,12.3571428571428577,10.0000000000000000,12.7142857142857135,15.1428571428571423,16.5714285714285730,15.7142857142857135,16.0000000000000000,10.0000000000000000,17.7142857142857153,19.0000000000000000,26.2142857142857153,24.2142857142857153,24.2142857142857153,22.0714285714285730,29.1428571428571423,18.2857142857142847,17.7142857142857153,18.0000000000000000,24.5000000000000000,23.6428571428571423,23.0000000000000000,9.0000000000000000,9.0000000000000000,9.0000000000000000,10.0000000000000000,11.0000000000000000,13.0000000000000000,14.0000000000000000,14.0000000000000000,13.4285714285714288,14.1428571428571423,14.0000000000000000,11.4285714285714288,17.0714285714285730,17.2857142857142847,16.3571428571428577,11.4285714285714288,8.7142857142857135,5216.4627233005376183,19493890.4732170775532722
28.0000000000000000,16.0000000000000000,22.5000000000000000,7.0000000000000000,16.5000000000000000,22.0000000000000000,10.0000000000000000,9.0000000000000000,12.5000000000000000,12.0000000000000000,30.5000000000000000,19.0000000000000000,20.0000000000000000,22.0000000000000000,18.0000000000000000,26.5000000000000000,9.0000000000000000,11.0000000000000000,11.0000000000000000,20.0000000000000000,21.0000000000000000,20.5000000000000000,14.5000000000000000,12.5000000000000000,9.0000000000000000,15.0000000000000000,15.0000000000000000,24.0000000000000000,19.0000000000000000,19.0000000000000000,18.0000000000000000,28.5000000000000000,22.0000000000000000,18.0000000000000000,18.5000000000000000,19.0000000000000000,22.0000000000000000,22.0000000000000000,8.0000000000000000,44.0000000000000000,25.0000000000000000,15.5000000000000000,19.0000000000000000,19.0000000000000000,9.0000000000000000,17.0000000000000000,16.5000000000000000,8.0000000000000000,7.0000000000000000,11.5000000000000000,19.0000000000000000,127.0000000000000000,9.5000000000000000,22.0000000000000000,22.0000000000000000,123.0000000000000000,16.0000000000000000,16.0000000000000000,20.5000000000000000,19.5000000000000000,18.0000000000000000,21.0000000000000000,17.5000000000000000,14.0000000000000000,5216.4627233005376183,19462923.5649857111275196
13.6573286643321659,13.5012506253126556,15.0310155077538763,14.7823911955977980,14.8579289644822410,18.3186593296648326,18.5832916458229107,18.7323661830915462,16.8489244622311141,18.2351175587793897,18.3996998499249642,17.3801900950475243,16.7523761880940469,15.9149574787393693,14.8944472236118060,14.7688844422211112,15.9959979989994991,17.0520260130065040,16.6938469234617308,15.8614307153576792,17.3311655827913960,17.5002501250625322,15.0680340170085039,13.8879439719859938,15.8709354677338670,13.5962981490745367,14.2286143071535776,18.4022011005502755,16.6678339169584788,16.3591795897948984,15.7433716858429218,18.6218109054527261,18.7913956978489232,17.1190595297648827,15.9649824912456229,16.3721860930465226,15.4442221110555273,13.7818909454727372,15.3691845922961488,14.2886443221610797,14.5622811405702848,17.6213106553276653,18.7023511755877934,18.5837918959479751,16.5337668834417215,17.2106053026513273,17.7778889444722346,17.2391195597798905,13.7973986993496744,14.0685342671335665,15.0330165082541267,13.9659829914957481,16.3926963481740877,17.3401700850425229,17.4252126063031518,17.1655827913956962,16.7818909454727354,16.6283141570785382,15.5007503751875930,13.4122061030515258,13.6958479239619813,14.5097548774387199,14.9474737368684334,18.0530265132566292,5216.4627233005376183,18725968.2993961237370968
17.4112820512820505,14.4194871794871791,12.8041025641025641,16.1056410256410274,15.4246153846153842,17.2625641025641023,19.5220512820512830,20.2348717948717933,16.9230769230769234,14.5723076923076924,14.7456410256410262,13.8594871794871803,11.5066666666666659,12.9251282051282050,15.1323076923076929,14.8933333333333326,16.1569230769230785,15.8892307692307693,15.9117948717948714,18.0656410256410247,11.9958974358974366,12.3548717948717943,17.3179487179487168,15.3117948717948718,15.7589743589743598,18.6882051282051265,16.0153846153846153,13.1938461538461542,15.4184615384615391,15.5087179487179494,14.3343589743589739,17.6348717948717955,17.6574358974358958,15.8984615384615378,18.0861538461538451,18.1989743589743576,18.8523076923076935,14.7128205128205121,13.3107692307692300,22.2748717948717960,20.6184615384615384,15.6871794871794865,11.6051282051282048,11.6625641025641027,13.7046153846153853,14.3179487179487186,15.6912820512820517,17.2010256410256410,16.1169230769230758,17.1517948717948734,20.1189743589743593,17.6994871794871784,16.5466666666666669,11.1589743589743584,10.5446153846153852,16.6184615384615384,14.8635897435897437,14.8974358974358978,16.2358974358974351,14.0328205128205123,14.5169230769230762,15.8184615384615377,14.1487179487179482,13.5630769230769239,5216.4627233005376183,18649978.9066617079079151
10.1666666666666661,9.8333333333333339,8.8333333333333339,10.3333333333333339,10.1666666666666661,12.5000000000000000,12.0000000000000000,12.6666666666666661,16.1666666666666679,8.6666666666666661,8.8333333333333339,22.3333333333333321,10.5000000000000000,9.1666666666666661,20.5000000000000000,20.8333333333333321,22.6666666666666679,13.5000000000000000,13.5000000000000000,22.3333333333333321,16.8333333333333321,15.1666666666666661,12.6666666666666661,12.6666666666666661,13.5000000000000000,21.1666666666666679,15.6666666666666661,8.0000000000000000,12.0000000000000000,12.1666666666666661,13.5000000000000000,16.8333333333333321,16.6666666666666679,8.8333333333333339,21.3333333333333321,22.3333333333333321,120.8333333333333286,17.8333333333333321,19.6666666666666679,10.8333333333333339,12.1666666666666661,18.8333333333333321,8.1666666666666661,9.3333333333333339,15.0000000000000000,13.3333333333333339,13.0000000000000000,12.5000000000000000,15.0000000000000000,18.0000000000000000,21.5000000000000000,21.1666666666666679,16.0000000000000000,8.8333333333333339,9.0000000000000000,12.3333333333333339,9.0000000000000000,12.8333333333333339,20.8333333333333321,7.5000000000000000,15.6666666666666661,17.3333333333333321,15.6666666666666661,15.8333333333333339,5216.4627233005376183,18578697.8887656480073929
15.0000000000000000,15.0000000000000000,14.0000000000000000,25.0000000000000000,25.0000000000000000,9.0000000000000000,11.0000000000000000,11.0000000000000000,18.0000000000000000,20.0000000000000000,20.0000000000000000,19.0000000000000000,19.0000000000000000,22.0000000000000000,44.0000000000000000,19.0000000000000000,18.0000000000000000,14.0000000000000000,14.0000000000000000,19.0000000000000000,12.0000000000000000,12.0000000000000000,17.0000000000000000,14.0000000000000000,14.0000000000000000,25.0000000000000000,10.0000000000000000,10.0000000000000000,10.0000000000000000,10.0000000000000000,6.0000000000000000,9.0000000000000000,9.0000000000000000,22.0000000000000000,9.0000000000000000,9.0000000000000000,23.0000000000000000,127.0000000000000000,127.0000000000000000,20.0000000000000000,25.0000000000000000,32.0000000000000000,24.0000000000000000,24.0000000000000000,23.0000000000000000,15.0000000000000000,15.0000000000000000,10.0000000000000000,11.0000000000000000,11.0000000000000000,16.0000000000000000,20.0000000000000000,19.0000000000000000,15.0000000000000000,15.0000000000000000,11.0000000000000000,16.0000000000000000,16.0000000000000000,9.0000000000000000,18.0000000000000000,18.0000000000000000,15.0000000000000000,17.0000000000000000,16.0000000000000000,5216.4627233005376183,18563305.8120635524392128
13.9199999999999999,15.3200000000000003,17.6400000000000006,15.3200000000000003,14.1600000000000001,17.6400000000000006,14.4000000000000004,14.4000000000000004,12.8000000000000007,16.7600000000000016,17.0799999999999983,15.0000000000000000,16.7600000000000016,17.1600000000000001,12.7599999999999998,12.5999999999999996,21.0399999999999991,21.1600000000000001,20.1200000000000010,19.6400000000000006,19.6400000000000006,19.2800000000000011,15.1600000000000001,12.8800000000000008,15.4800000000000004,13.3200000000000003,17.2399999999999984,19.1600000000000001,12.0399999999999991,11.5199999999999996,11.8800000000000008,15.8800000000000008,17.4400000000000013,16.9600000000000009,18.0799999999999983,18.6400000000000006,20.3200000000000003,17.6400000000000006,19.1600000000000001,112.3199999999999932,21.5199999999999996,16.2399999999999984,15.8800000000000008,15.8399999999999999,13.5999999999999996,18.4800000000000004,20.0799999999999983,17.9200000000000017,13.8399999999999999,12.8800000000000008,10.3599999999999994,10.3599999999999994,15.8000000000000007,15.2799999999999994,15.7599999999999998,19.8000000000000007,17.4800000000000004,16.3999999999999986,17.1600000000000001,13.0000000000000000,13.5999999999999996,17.2399999999999984,16.1999999999999993,16.9200000000000017,5216.4627233005376183,18343027.1418357603251934
12.2075471698113205,12.5283018867924536,15.4905660377358494,12.5849056603773590,12.2830188679245289,15.2641509433962259,15.9245283018867916,16.8490566037735832,17.2641509433962277,15.5094339622641506,17.7358490566037723,16.8490566037735832,16.2830188679245289,14.7547169811320753,13.9056603773584904,12.5471698113207548,19.7547169811320771,18.5660377358490578,17.7924528301886795,68.7735849056603712,16.4528301886792470,16.0754716981132084,20.2452830188679229,12.7924528301886795,11.1320754716981138,13.0754716981132084,16.0377358490566024,20.0377358490566024,12.6792452830188687,12.8490566037735849,14.5283018867924536,19.5849056603773590,21.2264150943396217,15.3584905660377355,15.5660377358490560,15.5849056603773590,16.9622641509433976,14.1886792452830193,14.7169811320754711,13.2452830188679247,13.6415094339622645,17.8490566037735832,12.0566037735849054,12.1698113207547163,15.2641509433962259,20.0566037735849072,20.0377358490566024,18.8490566037735832,12.7547169811320753,10.8301886792452837,13.2075471698113205,11.6415094339622645,16.0377358490566024,17.6226415094339615,18.1132075471698109,18.4905660377358494,14.5283018867924536,14.3396226415094343,15.5849056603773590,11.0754716981132084,10.3396226415094343,16.2452830188679229,16.7924528301886795,17.4716981132075482,5216.4627233005376183,18182989.6402351073920727
21.6875000000000000,21.6250000000000000,16.4375000000000000,21.7500000000000000,21.1250000000000000,18.8750000000000000,8.0000000000000000,8.0000000000000000,23.9375000000000000,15.8125000000000000,13.6250000000000000,9.6250000000000000,9.6250000000000000,18.3125000000000000,17.6250000000000000,17.7500000000000000,19.3125000000000000,10.1250000000000000,9.9375000000000000,10.9375000000000000,124.5000000000000000,28.6875000000000000,23.5625000000000000,12.7500000000000000,12.6250000000000000,19.6250000000000000,15.2500000000000000,11.3750000000000000,9.8750000000000000,9.8750000000000000,13.4375000000000000,23.0000000000000000,23.0000000000000000,18.7500000000000000,15.3125000000000000,15.0625000000000000,20.6250000000000000,21.3750000000000000,21.6875000000000000,20.1250000000000000,19.8125000000000000,23.2500000000000000,16.0000000000000000,16.0000000000000000,11.3125000000000000,17.1250000000000000,17.1250000000000000,12.0000000000000000,15.2500000000000000,18.9375000000000000,13.0000000000000000,17.1875000000000000,23.1875000000000000,11.5625000000000000,11.7500000000000000,13.1250000000000000,19.0000000000000000,18.6250000000000000,15.8125000000000000,22.9375000000000000,24.6250000000000000,17.6250000000000000,17.7500000000000000,17.3750000000000000,5216.4627233005376183,17982570.4066384062170982
25.2929292929292941,18.7979797979797993,10.1414141414141419,25.0202020202020208,24.8181818181818166,11.7575757575757578,12.1818181818181817,12.5858585858585865,11.2727272727272734,11.9292929292929291,13.1414141414141419,8.2020202020202024,8.2121212121212128,9.9898989898989896,18.7777777777777786,18.7676767676767682,11.8383838383838391,9.5252525252525260,14.9393939393939394,20.4646464646464636,19.7373737373737370,14.9191919191919187,22.6868686868686886,23.1111111111111107,34.6060606060606091,10.4343434343434343,11.1212121212121211,21.3333333333333321,11.7676767676767682,13.2020202020202024,21.1313131313131315,15.6565656565656557,15.0303030303030312,27.1212121212121211,23.0808080808080796,23.0707070707070692,14.3232323232323235,17.4141414141414153,22.0202020202020208,10.2525252525252526,11.3131313131313131,22.9191919191919204,10.3434343434343443,10.3333333333333339,9.1313131313131315,18.8484848484848477,19.2121212121212110,9.3131313131313131,10.2323232323232318,10.2424242424242422,13.8484848484848477,11.4949494949494948,8.2929292929292924,24.9898989898989896,24.9494949494949481,15.3131313131313131,18.5656565656565640,17.2121212121212110,20.9797979797979792,24.3737373737373737,24.5757575757575744,21.9494949494949481,21.1717171717171730,27.7474747474747474,5216.4627233005376183,17779103.9551038220524788
12.0000000000000000,11.0000000000000000,10.0000000000000000,26.0000000000000000,16.0000000000000000,14.0000000000000000,22.0000000000000000,22.0000000000000000,23.0000000000000000,8.0000000000000000,8.0000000000000000,9.0000000000000000,10.0000000000000000,10.0000000000000000,10.0000000000000000,10.0000000000000000,23.0000000000000000,10.0000000000000000,11.0000000000000000,19.0000000000000000,21.0000000000000000,21.0000000000000000,14.0000000000000000,23.0000000000000000,23.0000000000000000,15.0000000000000000,15.0000000000000000,8.0000000000000000,18.0000000000000000,18.0000000000000000,10.0000000000000000,23.0000000000000000,23.0000000000000000,23.0000000000000000,17.0000000000000000,17.0000000000000000,25.0000000000000000,25.0000000000000000,8.0000000000000000,23.0000000000000000,23.0000000000000000,21.0000000000000000,21.0000000000000000,21.0000000000000000,6.0000000000000000,25.0000000000000000,25.0000000000000000,19.0000000000000000,10.0000000000000000,10.0000000000000000,24.0000000000000000,25.0000000000000000,8.0000000000000000,11.0000000000000000,11.0000000000000000,24.0000000000000000,21.0000000000000000,127.0000000000000000,18.0000000000000000,19.0000000000000000,19.0000000000000000,10.0000000000000000,13.0000000000000000,13.0000000000000000,5216.4627233005376183,17764774.2602133676409721
16.5000000000000000,17.6666666666666679,19.8333333333333321,13.5000000000000000,13.5000000000000000,15.1666666666666661,15.3333333333333339,17.5000000000000000,16.5000000000000000,12.5000000000000000,12.5000000000000000,9.6666666666666661,12.5000000000000000,16.6666666666666679,16.5000000000000000,17.3333333333333321,15.1666666666666661,13.0000000000000000,12.5000000000000000,18.6666666666666679,18.0000000000000000,18.3333333333333321,22.0000000000000000,20.5000000000000000,20.5000000000000000,13.3333333333333339,11.5000000000000000,15.6666666666666661,113.6666666666666714,113.5000000000000000,10.5000000000000000,18.0000000000000000,18.0000000000000000,16.8333333333333321,19.0000000000000000,19.1666666666666679,24.5000000000000000,20.5000000000000000,19.0000000000000000,16.5000000000000000,15.5000000000000000,8.6666666666666661,10.8333333333333339,11.0000000000000000,20.0000000000000000,8.5000000000000000,8.5000000000000000,16.5000000000000000,17.8333333333333321,15.0000000000000000,14.8333333333333339,14.3333333333333339,17.0000000000000000,21.1666666666666679,34.1666666666666643,13.6666666666666661,15.0000000000000000,14.5000000000000000,18.8333333333333321,21.6666666666666679,16.3333333333333321,20.1666666666666679,12.0000000000000000,10.6666666666666661,5216.4627233005376183,17749903.4301066920161247
19.0000000000000000,18.0000000000000000,25.0000000000000000,24.0000000000000000,24.0000000000000000,14.0000000000000000,10.0000000000000000,10.0000000000000000,26.0000000000000000,22.0000000000000000,22.0000000000000000,24.0000000000000000,10.0000000000000000,10.0000000000000000,50.0000000000000000,19.0000000000000000,15.0000000000000000,23.0000000000000000,23.0000000000000000,18.0000000000000000,23.0000000000000000,23.0000000000000000,14.0000000000000000,21.0000000000000000,30.0000000000000000,24.0000000000000000,9.0000000000000000,9.0000000000000000,13.0000000000000000,13.0000000000000000,23.0000000000000000,10.0000000000000000,9.0000000000000000,10.0000000000000000,19.0000000000000000,19.0000000000000000,25.0000000000000000,8.0000000000000000,9.0000000000000000,23.0000000000000000,127.0000000000000000,18.0000000000000000,13.0000000000000000,13.0000000000000000,14.0000000000000000,23.0000000000000000,23.0000000000000000,10.0000000000000000,21.0000000000000000,21.0000000000000000,18.0000000000000000,18.0000000000000000,24.0000000000000000,13.0000000000000000,14.0000000000000000,22.0000000000000000,20.0000000000000000,20.0000000000000000,15.0000000000000000,16.0000000000000000,127.0000000000000000,16.0000000000000000,16.0000000000000000,16.0000000000000000,5216.4627233005376183,17735920.5333282612264156
17.3555555555555543,13.0222222222222221,11.3111111111111118,19.8444444444444450,19.6666666666666679,23.4444444444444429,15.1555555555555550,16.1333333333333329,18.8666666666666671,15.3555555555555561,17.6222222222222236,14.7555555555555564,13.8666666666666671,10.6222222222222218,14.1555555555555550,13.5999999999999996,17.1111111111111107,13.8666666666666671,14.5999999999999996,16.5111111111111128,13.2222222222222214,13.4444444444444446,16.0444444444444443,12.9333333333333336,12.4000000000000004,66.1111111111111143,18.3111111111111100,13.0000000000000000,17.3555555555555543,17.2666666666666657,14.7555555555555564,14.9555555555555557,15.5333333333333332,17.5111111111111128,17.8444444444444450,17.9555555555555557,18.5111111111111128,13.7333333333333325,10.1999999999999993,18.3333333333333321,18.3999999999999986,13.6222222222222218,13.7111111111111104,13.7555555555555564,17.0888888888888886,20.9111111111111114,22.0444444444444443,19.6666666666666679,20.1111111111111107,21.3111111111111100,19.2888888888888879,17.7333333333333343,20.1333333333333329,15.2222222222222214,13.4222222222222225,13.0666666666666664,14.9555555555555557,15.0000000000000000,15.0888888888888886,13.8444444444444450,14.0000000000000000,19.3333333333333321,18.7111111111111121,17.7777777777777786,5216.4627233005376183,17634670.0782991796731949
18.5000000000000000,18.0000000000000000,23.0000000000000000,14.0000000000000000,14.0000000000000000,18.0000000000000000,10.0000000000000000,19.0000000000000000,10.0000000000000000,25.0000000000000000,25.0000000000000000,13.0000000000000000,21.5000000000000000,22.0000000000000000,18.0000000000000000,123.0000000000000000,26.0000000000000000,14.0000000000000000,14.5000000000000000,15.0000000000000000,8.0000000000000000,8.0000000000000000,23.0000000000000000,22.5000000000000000,30.5000000000000000,20.5000000000000000,17.0000000000000000,14.0000000000000000,19.0000000000000000,20.0000000000000000,27.0000000000000000,17.0000000000000000,17.0000000000000000,25.5000000000000000,23.0000000000000000,26.5000000000000000,13.0000000000000000,12.0000000000000000,19.0000000000000000,9.0000000000000000,9.0000000000000000,25.0000000000000000,23.5000000000000000,23.5000000000000000,9.0000000000000000,8.0000000000000000,8.0000000000000000,10.0000000000000000,29.5000000000000000,29.5000000000000000,19.0000000000000000,14.0000000000000000,9.0000000000000000,16.0000000000000000,16.0000000000000000,14.0000000000000000,20.0000000000000000,19.5000000000000000,20.0000000000000000,20.5000000000000000,20.5000000000000000,23.0000000000000000,23.0000000000000000,23.0000000000000000,5216.4627233005376183,17607990.2823163866996765
24.5833333333333321,23.5000000000000000,23.4166666666666679,21.8333333333333321,17.8333333333333321,12.0833333333333339,14.2500000000000000,14.2500000000000000,13.4166666666666661,12.4166666666666661,12.5000000000000000,17.2500000000000000,17.1666666666666679,13.3333333333333339,116.3333333333333286,14.8333333333333339,14.0000000000000000,16.8333333333333321,19.2500000000000000,21.4166666666666679,29.2500000000000000,28.0833333333333321,13.1666666666666661,17.6666666666666679,21.8333333333333321,16.5000000000000000,13.2500000000000000,12.4166666666666661,13.3333333333333339,13.7500000000000000,15.6666666666666661,18.4166666666666679,19.7500000000000000,17.2500000000000000,15.1666666666666661,15.2500000000000000,17.3333333333333321,13.7500000000000000,20.0833333333333321,13.1666666666666661,13.8333333333333339,16.6666666666666679,20.3333333333333321,21.5833333333333321,25.0833333333333321,31.8333333333333321,24.8333333333333321,19.3333333333333321,20.0000000000000000,20.2500000000000000,20.5833333333333321,19.9166666666666679,22.4166666666666679,12.8333333333333339,14.5833333333333339,16.7500000000000000,15.5833333333333339,14.7500000000000000,15.7500000000000000,14.5000000000000000,14.6666666666666661,21.6666666666666679,19.0833333333333321,19.5000000000000000,5216.4627233005376183,17490671.6998285204172134
13.0000000000000000,20.0000000000000000,20.0000000000000000,20.0000000000000000,19.0000000000000000,18.0000000000000000,10.0000000000000000,10.0000000000000000,18.0000000000000000,12.0000000000000000,37.0000000000000000,12.0000000000000000,14.0000000000000000,14.0000000000000000,17.0000000000000000,17.0000000000000000,22.0000000000000000,10.0000000000000000,10.0000000000000000,13.0000000000000000,19.0000000000000000,19.0000000000000000,25.0000000000000000,25.0000000000000000,18.0000000000000000,15.0000000000000000,16.0000000000000000,10.0000000000000000,16.0000000000000000,125.0000000000000000,13.0000000000000000,17.0000000000000000,17.0000000000000000,62.0000000000000000,22.0000000000000000,24.0000000000000000,23.0000000000000000,14.0000000000000000,14.0000000000000000,19.0000000000000000,19.0000000000000000,9.0000000000000000,8.0000000000000000,8.0000000000000000,20.0000000000000000,10.0000000000000000,10.0000000000000000,19.0000000000000000,6.0000000000000000,6.0000000000000000,9.0000000000000000,9.0000000000000000,9.0000000000000000,127.0000000000000000,24.0000000000000000,14.0000000000000000,15.0000000000000000,15.0000000000000000,23.0000000000000000,24.0000000000000000,13.0000000000000000,14.0000000000000000,12.0000000000000000,12.0000000000000000,5216.4627233005376183,17477082.4289951846003532
12.0000000000000000,12.0000000000000000,13.0000000000000000,19.0000000000000000,19.0000000000000000,18.0000000000000000,22.0000000000000000,22.0000000000000000,10.0000000000000000,23.0000000000000000,23.0000000000000000,9.0000000000000000,13.0000000000000000,13.0000000000000000,9.0000000000000000,10.0000000000000000,21.0000000000000000,48.0000000000000000,16.0000000000000000,17.0000000000000000,21.0000000000000000,21.0000000000000000,8.0000000000000000,18.0000000000000000,18.0000000000000000,15.0000000000000000,15.0000000000000000,15.0000000000000000,24.0000000000000000,127.0000000000000000,127.0000000000000000,16.0000000000000000,16.0000000000000000,21.0000000000000000,19.0000000000000000,19.0000000000000000,24.0000000000000000,23.0000000000000000,10.0000000000000000,14.0000000000000000,14.0000000000000000,22.0000000000000000,26.0000000000000000,26.0000000000000000,13.0000000000000000,24.0000000000000000,24.0000000000000000,18.0000000000000000,18.0000000000000000,18.0000000000000000,8.0000000000000000,27.0000000000000000,25.0000000000000000,18.0000000000000000,18.0000000000000000,9.0000000000000000,17.0000000000000000,17.0000000000000000,19.0000000000000000,7.0000000000000000,7.0000000000000000,16.0000000000000000,18.0000000000000000,18.0000000000000000,5216.4627233005376183,17463599.7382493391633034
15.0000000000000000,15.0000000000000000,14.0000000000000000,23.0000000000000000,23.0000000000000000,6.0000000000000000,15.0000000000000000,34.0000000000000000,9.0000000000000000,9.0000000000000000,9.0000000000000000,10.0000000000000000,11.0000000000000000,19.0000000000000000,16.0000000000000000,15.0000000000000000,16.0000000000000000,22.0000000000000000,22.0000000000000000,24.0000000000000000,8.0000000000000000,8.0000000000000000,11.0000000000000000,12.0000000000000000,13.0000000000000000,7.0000000000000000,7.0000000000000000,23.0000000000000000,8.0000000000000000,8.0000000000000000,10.0000000000000000,81.0000000000000000,23.0000000000000000,125.0000000000000000,24.0000000000000000,24.0000000000000000,23.0000000000000000,15.0000000000000000,15.0000000000000000,20.0000000000000000,20.0000000000000000,20.0000000000000000,7.0000000000000000,7.0000000000000000,15.0000000000000000,13.0000000000000000,13.0000000000000000,22.0000000000000000,15.0000000000000000,15.0000000000000000,16.0000000000000000,15.0000000000000000,16.0000000000000000,11.0000000000000000,11.0000000000000000,18.0000000000000000,6.0000000000000000,7.0000000000000000,9.0000000000000000,16.0000000000000000,16.0000000000000000,30.0000000000000000,10.0000000000000000,6.0000000000000000,5216.4627233005376183,17450137.3057233877480030
19.0000000000000000,23.0000000000000000,23.0000000000000000,14.0000000000000000,14.0000000000000000,18.0000000000000000,10.0000000000000000,10.0000000000000000,10.0000000000000000,25.0000000000000000,24.0000000000000000,13.0000000000000000,12.0000000000000000,22.0000000000000000,18.0000000000000000,18.0000000000000000,26.0000000000000000,14.0000000000000000,14.0000000000000000,15.0000000000000000,7.0000000000000000,8.0000000000000000,23.0000000000000000,22.0000000000000000,22.0000000000000000,21.0000000000000000,20.0000000000000000,14.0000000000000000,19.0000000000000000,20.0000000000000000,20.0000000000000000,17.0000000000000000,17.0000000000000000,25.0000000000000000,124.0000000000000000,22.0000000000000000,12.0000000000000000,12.0000000000000000,19.0000000000000000,9.0000000000000000,9.0000000000000000,26.0000000000000000,28.0000000000000000,28.0000000000000000,9.0000000000000000,8.0000000000000000,8.0000000000000000,10.0000000000000000,24.0000000000000000,25.0000000000000000,19.0000000000000000,9.0000000000000000,9.0000000000000000,16.0000000000000000,16.0000000000000000,14.0000000000000000,20.0000000000000000,20.0000000000000000,21.0000000000000000,20.0000000000000000,21.0000000000000000,23.0000000000000000,23.0000000000000000,23.0000000000000000,5216.4627233005376183,17436798.5268063470721245
16.5555555555555571,16.7777777777777786,17.8888888888888893,9.7777777777777786,9.7777777777777786,17.4444444444444429,13.6666666666666661,13.6666666666666661,13.2222222222222214,10.7777777777777786,10.4444444444444446,21.4444444444444429,22.2222222222222214,22.1111111111111107,18.6666666666666679,17.5555555555555571,11.8888888888888893,12.6666666666666661,12.6666666666666661,24.6666666666666679,12.4444444444444446,12.4444444444444446,22.3333333333333321,22.1111111111111107,21.6666666666666679,13.2222222222222214,12.1111111111111107,11.1111111111111107,20.8888888888888893,22.8888888888888893,22.7777777777777786,18.1111111111111107,18.1111111111111107,22.5555555555555571,21.6666666666666679,22.4444444444444429,14.2222222222222214,18.7777777777777786,17.8888888888888893,20.7777777777777786,21.2222222222222214,123.6666666666666714,12.8888888888888893,12.7777777777777786,12.2222222222222214,12.0000000000000000,12.5555555555555554,16.7777777777777786,12.3333333333333339,10.0000000000000000,11.4444444444444446,9.4444444444444446,13.2222222222222214,16.3333333333333321,16.2222222222222214,15.4444444444444446,15.7777777777777786,15.7777777777777786,22.3333333333333321,18.2222222222222214,18.3333333333333321,21.1111111111111107,16.4444444444444429,16.2222222222222214,5216.4627233005376183,16982718.4088799208402634
11.5000000000000000,12.0000000000000000,27.5000000000000000,19.0000000000000000,19.0000000000000000,18.5000000000000000,37.0000000000000000,37.0000000000000000,10.0000000000000000,23.0000000000000000,23.0000000000000000,10.0000000000000000,10.0000000000000000,13.5000000000000000,9.0000000000000000,9.0000000000000000,20.5000000000000000,16.0000000000000000,16.5000000000000000,16.5000000000000000,19.0000000000000000,21.0000000000000000,8.0000000000000000,13.5000000000000000,18.0000000000000000,125.0000000000000000,15.5000000000000000,15.0000000000000000,24.0000000000000000,127.0000000000000000,18.0000000000000000,16.5000000000000000,16.0000000000000000,26.5000000000000000,21.5000000000000000,19.0000000000000000,24.5000000000000000,11.0000000000000000,10.0000000000000000,14.0000000000000000,14.0000000000000000,22.0000000000000000,25.5000000000000000,26.0000000000000000,13.0000000000000000,42.5000000000000000,24.0000000000000000,18.0000000000000000,18.0000000000000000,18.0000000000000000,7.5000000000000000,17.0000000000000000,26.5000000000000000,18.0000000000000000,18.0000000000000000,9.0000000000000000,17.0000000000000000,17.0000000000000000,19.0000000000000000,7.0000000000000000,7.5000000000000000,15.5000000000000000,16.5000000000000000,18.0000000000000000,5216.4627233005376183,16924293.7982313893735409
