733.2657091103098992,1372.7192999230974237,642.8960311388186710,578.6064280249368039
733.2657091103098992,1372.7192999230974237,642.8960311388186710,578.6064280249368039
604.7534933935405661,2928.8139778560907871,739.9403762575918790,665.9463386318327593
604.7534933935405661,2928.8139778560907871,739.9403762575918790,665.9463386318327593
330.8278680743350151,770.5783557276315605,944.0176132706048975,849.6158519435443850
330.8278680743350151,770.5783557276315605,944.0176132706048975,849.6158519435443850
764.5629091439614058,1612.4409807693100447,829.1636017454244438,746.2472415708820108
764.5629091439614058,1612.4409807693100447,829.1636017454244438,746.2472415708820108
211.9107878227822539,3338.1087351581186340,3952.9772528420485287,3969.0808040180686476,3997.7595622356811873,954.2000784800397923,858.7800706320358586,772.9020635688323182,695.6118572119490864,626.0506714907542118
211.9107878227822539,3338.1087351581186340,3952.9772528420485287,3969.0808040180686476,3997.7595622356811873,954.2000784800397923,858.7800706320358586,772.9020635688323182,695.6118572119490864,626.0506714907542118
568.4718985667336710,1376.7106201915798920,1796.9084965061699677,2153.1604432496137633,2675.2515859110608289,3779.8934490959609320,664.9074310507627388,598.4166879456864763,538.5750191511178855,484.7175172360061310,436.2457655124055123,392.6211889611649895
568.4718985667336710,1376.7106201915798920,1796.9084965061699677,2153.1604432496137633,2675.2515859110608289,3779.8934490959609320,664.9074310507627388,598.4166879456864763,538.5750191511178855,484.7175172360061310,436.2457655124055123,392.6211889611649895
325.5242336559314253,3828.7986276967949379,883.0592681652324245,794.7533413487092275
325.5242336559314253,3828.7986276967949379,883.0592681652324245,794.7533413487092275
456.2441305192418213,3381.2186494314860283,3866.0225753830291069,3931.9775880989468533,822.2768567944893903,740.0491711150405081,666.0442540035364800,599.4398286031828320
456.2441305192418213,3381.2186494314860283,3866.0225753830291069,3931.9775880989468533,822.2768567944893903,740.0491711150405081,666.0442540035364800,599.4398286031828320
213.9337681410773371,559.1811346798947397,3624.6377974389179144,968.7853939431840899,871.9068545488656810,784.7161690939791470
213.9337681410773371,559.1811346798947397,3624.6377974389179144,968.7853939431840899,871.9068545488656810,784.7161690939791470
354.3824202831026469,914.3527799480394833,1024.7452877109649307,860.0826010656660401,774.0743409590994588,696.6669068631895243
354.3824202831026469,914.3527799480394833,1024.7452877109649307,860.0826010656660401,774.0743409590994588,696.6669068631895243
718.2713982086132773,3008.7602185888522399,851.7728538000319531,766.5955684200288260
718.2713982086132773,3008.7602185888522399,851.7728538000319531,766.5955684200288260
430.3964151375374740,494.2087813906430256,740.9308652001811879,666.8377786801630691
430.3964151375374740,494.2087813906430256,740.9308652001811879,666.8377786801630691
623.6117331138850659,1383.4056689810527132,3450.2826465831194582,3455.9836081704934259,3987.1997557668451009,951.2270391445940732,856.1043352301346658,770.4939017071212675,693.4445115364092089,624.1000603827683335
623.6117331138850659,1383.4056689810527132,3450.2826465831194582,3455.9836081704934259,3987.1997557668451009,951.2270391445940732,856.1043352301346658,770.4939017071212675,693.4445115364092089,624.1000603827683335
661.8790262334125600,1715.9557665645565976,2543.5321718980349033,799.3385729945896401,719.4047156951306761,647.4642441256175971
661.8790262334125600,1715.9557665645565976,2543.5321718980349033,799.3385729945896401,719.4047156951306761,647.4642441256175971
504.8662871187931387,1621.4505720378274418,2449.3785825400632348,2842.1182265638640274,763.9332002656552731,687.5398802390897117,618.7858922151807519,556.9073029936627108
504.8662871187931387,1621.4505720378274418,2449.3785825400632348,2842.1182265638640274,763.9332002656552731,687.5398802390897117,618.7858922151807519,556.9073029936627108
566.5467132787526907,1475.7935676192466872,900.6704489031099001,810.6034040127989329
566.5467132787526907,1475.7935676192466872,900.6704489031099001,810.6034040127989329
388.0153860612863923,3833.7269426517959801,810.5680687143519663,729.5112618429168378
388.0153860612863923,3833.7269426517959801,810.5680687143519663,729.5112618429168378
254.8831231898655005,2094.0354616059767068,3423.2464333509014978,902.8017362206279586,812.5215625985651968,731.2694063387086771
254.8831231898655005,2094.0354616059767068,3423.2464333509014978,902.8017362206279586,812.5215625985651968,731.2694063387086771
760.5338353863788825,2796.3115448119415305,986.7978399076522464,888.1180559168869877
760.5338353863788825,2796.3115448119415305,986.7978399076522464,888.1180559168869877
295.0221992931001296,3217.9944283508666558,709.9257873922905446,638.9332086530614561
295.0221992931001296,3217.9944283508666558,709.9257873922905446,638.9332086530614561
366.9385353956846529,3569.0385954658531773,980.4583948236588640,882.4125553412930003
366.9385353956846529,3569.0385954658531773,980.4583948236588640,882.4125553412930003
507.7485030405019870,1776.8289037323779667,2319.1624721477887761,625.6919478389169171,563.1227530550252141,506.8104777495227040
507.7485030405019870,1776.8289037323779667,2319.1624721477887761,625.6919478389169171,563.1227530550252141,506.8104777495227040
358.9009837400063816,1674.5527459975064630,3436.0102827557416276,694.0756105222828864,624.6680494700545978,562.2012445230491267
358.9009837400063816,1674.5527459975064630,3436.0102827557416276,694.0756105222828864,624.6680494700545978,562.2012445230491267
729.5530693105688442,3637.7782667980322913,3721.4864222936935221,553.4607261937924250,498.1146535744131825,448.3031882169718756
729.5530693105688442,3637.7782667980322913,3721.4864222936935221,553.4607261937924250,498.1146535744131825,448.3031882169718756
395.5207741427988140,3681.9422332323970295,990.5829767575908136,891.5246790818317777
395.5207741427988140,3681.9422332323970295,990.5829767575908136,891.5246790818317777
547.5525883538687140,3936.6286465596313064,554.6962503609877331,499.2266253248889711
547.5525883538687140,3936.6286465596313064,554.6962503609877331,499.2266253248889711
664.9966602521716368,1297.2942081883909395,3310.2040435986878038,3562.6195256868777506,3775.8550516559234893,785.9212581045749175,707.3291322941174712,636.5962190647057923,572.9365971582352586,515.6429374424117213
664.9966602521716368,1297.2942081883909395,3310.2040435986878038,3562.6195256868777506,3775.8550516559234893,785.9212581045749175,707.3291322941174712,636.5962190647057923,572.9365971582352586,515.6429374424117213
368.2689819840642258,2620.4414837613949203,3256.4140174130989180,3493.9318106770319901,830.2734589780309307,747.2461130802278149,672.5215017722050561,605.2693515949845278
368.2689819840642258,2620.4414837613949203,3256.4140174130989180,3493.9318106770319901,830.2734589780309307,747.2461130802278149,672.5215017722050561,605.2693515949845278
707.8675732630147195,2389.3474563096624479,991.9712342939083101,892.7741108645175245
707.8675732630147195,2389.3474563096624479,991.9712342939083101,892.7741108645175245
327.1422809106950353,2363.7169043611247616,2615.1637902899692563,3904.8698021429245273,3942.6663833623229038,806.4939794612193964,725.8445815150975022,653.2601233635878089,587.9341110272290507,529.1406999245061797
327.1422809106950353,2363.7169043611247616,2615.1637902899692563,3904.8698021429245273,3942.6663833623229038,806.4939794612193964,725.8445815150975022,653.2601233635878089,587.9341110272290507,529.1406999245061797
669.5798445797129261,3671.1934677143608496,3707.5087074098200901,754.4401417969021395,678.9961276172119824,611.0965148554907955
669.5798445797129261,3671.1934677143608496,3707.5087074098200901,754.4401417969021395,678.9961276172119824,611.0965148554907955
422.9194104878795315,3797.6927389832135304,3821.7551910959082306,528.3062400643801766,475.4756160579421476,427.9280544521479328
422.9194104878795315,3797.6927389832135304,3821.7551910959082306,528.3062400643801766,475.4756160579421476,427.9280544521479328
569.2787053835588722,1072.9074839734614670,879.1501106442462969,791.2350995798217355
569.2787053835588722,1072.9074839734614670,879.1501106442462969,791.2350995798217355
634.6347504988355013,2975.7991411848006464,868.9620666089303995,782.0658599480374278
634.6347504988355013,2975.7991411848006464,868.9620666089303995,782.0658599480374278
470.5544527313150525,709.4309701062636577,2194.7579151178770189,2711.1028345557569992,2839.9462375053176402,875.7827484418974109,788.2044735977076471,709.3840262379369506,638.4456236141433010,574.6010612527289823
470.5544527313150525,709.4309701062636577,2194.7579151178770189,2711.1028345557569992,2839.9462375053176402,875.7827484418974109,788.2044735977076471,709.3840262379369506,638.4456236141433010,574.6010612527289823
741.2121973058376625,3255.6896318197977962,3923.6980489388688511,3994.9727078554556101,829.2275747148187293,746.3048172433368563,671.6743355190031934,604.5069019671028627
741.2121973058376625,3255.6896318197977962,3923.6980489388688511,3994.9727078554556101,829.2275747148187293,746.3048172433368563,671.6743355190031934,604.5069019671028627
440.4429792882633592,1494.7296845218158978,1548.8511775960264458,2606.7107304075420871,2983.5783867433783598,801.2198822661803206,721.0978940395623340,648.9881046356060779,584.0892941720454701,525.6803647548409799
440.4429792882633592,1494.7296845218158978,1548.8511775960264458,2606.7107304075420871,2983.5783867433783598,801.2198822661803206,721.0978940395623340,648.9881046356060779,584.0892941720454701,525.6803647548409799
595.8920844493136428,2692.8975223212760284,617.7271813198277641,555.9544631878450218
595.8920844493136428,2692.8975223212760284,617.7271813198277641,555.9544631878450218
791.9654720530261329,3686.3692556873911599,3785.2999119746114047,3977.6684090934791129,598.8724128438759635,538.9851715594884354,485.0866544035396259,436.5779889631856463
791.9654720530261329,3686.3692556873911599,3785.2999119746114047,3977.6684090934791129,598.8724128438759635,538.9851715594884354,485.0866544035396259,436.5779889631856463
374.3764873572035867,3619.2764744193309525,3677.0897754903076020,725.8457616157370467,653.2611854541634102,587.9350669087471033
374.3764873572035867,3619.2764744193309525,3677.0897754903076020,725.8457616157370467,653.2611854541634102,587.9350669087471033
422.3389036098683391,3375.5852309538554437,3661.3482779343435141,3925.4833592374570799,3975.5782932364363660,974.9723762982066546,877.4751386683859664,789.7276248015473357,710.7548623213925794,639.6793760892533101
422.3389036098683391,3375.5852309538554437,3661.3482779343435141,3925.4833592374570799,3975.5782932364363660,974.9723762982066546,877.4751386683859664,789.7276248015473357,710.7548623213925794,639.6793760892533101
